00000001 002 0030100F 00000000 00000100 00000000 00000000 00000000 00000000 00000000 00000000 00000000 00000000 00000100 00000000 00000000 00000000 00000000 00000000
00000003 002 0030100F 00000000 0000000F 00000000 00000000 00000000 00000000 00000000 00000000 00000000 00000000 00000100 00000000 00000000 00000000 00000000 00000000
00000004 003 00401009 00000000 00000009 00000000 0000000F 00000000 00000000 00000000 00000000 00000000 00000000 00000100 00000000 00000000 00000000 00000000 00000000
00000005 004 00701000 00000000 00000000 00000000 0000000F 00000009 00000000 00000000 00000000 00000000 00000000 00000100 00000000 00000000 00000000 00000000 00000000
00000006 007 00801000 00000000 0000001B 00000000 0000000F 00000009 00000000 00000000 00000000 00000000 00000000 00000100 00000000 00000000 00000000 00000000 00000000
00000008 007 00801000 00000000 00000000 00000000 0000000F 00000009 00000000 00000000 00000000 00000000 00000000 00000100 00000000 00000000 00000000 00000000 00000000
00000009 008 14740000 00000000 00000000 00000000 0000000F 00000009 00000000 00000000 00000000 00000000 00000000 00000100 00000000 00000000 00000000 00000000 00000000
0000000A 009 01937000 00000000 00000000 00000000 0000000F 00000009 00000000 00000000 00000000 00000000 00000000 00000100 00000000 00000000 00000000 00000000 00000000
0000000B 00C 009A8000 00000000 00000018 00000000 0000000F 00000009 00000000 00000000 00000000 00000000 0000000F 00000100 00000000 00000000 00000000 00000000 00000000
0000000D 00C 009A8000 00000000 00000000 00000000 0000000F 00000009 00000000 00000000 00000000 00000000 0000000F 00000100 00000000 00000000 00000000 00000000 00000000
0000000E 00D 10B90000 00000000 00000000 00000000 0000000F 00000009 00000000 00000000 00000000 00000000 00000100 00000100 00000000 00000000 00000000 00000000 00000000
0000000F 00E 00991001 00000000 00000001 00000000 0000000F 00000009 00000000 00000000 00000000 00000000 00000100 00000100 00000007 00000000 00000000 00000000 00000000
00000010 00F 10C90000 00000000 00000000 00000000 0000000F 00000009 00000000 00000000 00000000 00000000 00000101 00000100 00000007 00000000 00000000 00000000 00000000
00000011 015 00881001 00000000 00000015 00000000 0000000F 00000009 00000000 00000000 00000000 00000000 00000101 00000100 00000007 00000010 00000000 00000000 00000000
00000013 015 00881001 00000000 00000001 00000000 0000000F 00000009 00000000 00000000 00000000 00000000 00000101 00000100 00000007 00000010 00000000 00000000 00000000
00000014 009 01937000 00000000 00000009 00000000 0000000F 00000009 00000000 00000000 00000000 00000001 00000101 00000100 00000007 00000010 00000000 00000000 00000000
00000016 009 01937000 00000000 00000000 00000000 0000000F 00000009 00000000 00000000 00000000 00000001 00000101 00000100 00000007 00000010 00000000 00000000 00000000
00000017 00C 009A8000 00000000 00000018 00000000 0000000F 00000009 00000000 00000000 00000000 00000001 0000000F 00000100 00000007 00000010 00000000 00000000 00000000
00000019 00C 009A8000 00000000 00000000 00000000 0000000F 00000009 00000000 00000000 00000000 00000001 0000000F 00000100 00000007 00000010 00000000 00000000 00000000
0000001A 00D 10B90000 00000000 00000000 00000000 0000000F 00000009 00000000 00000000 00000000 00000001 00000101 00000100 00000007 00000010 00000000 00000000 00000000
0000001B 00E 00991001 00000000 00000001 00000000 0000000F 00000009 00000000 00000000 00000000 00000001 00000101 00000100 00000010 00000010 00000000 00000000 00000000
0000001C 00F 10C90000 00000000 00000000 00000000 0000000F 00000009 00000000 00000000 00000000 00000001 00000102 00000100 00000010 00000010 00000000 00000000 00000000
0000001D 012 11B90000 00000000 00000015 00000000 0000000F 00000009 00000000 00000000 00000000 00000001 00000102 00000100 00000010 00000004 00000000 00000000 00000000
0000001F 012 11B90000 00000000 00000000 00000000 0000000F 00000009 00000000 00000000 00000000 00000001 00000102 00000100 00000010 00000004 00000000 00000000 00000000
00000020 013 01991001 00000000 00000001 00000000 0000000F 00000009 00000000 00000000 00000000 00000001 00000102 00000100 00000010 00000004 00000000 00000000 00000000
00000021 014 11C90000 00000000 00000000 00000000 0000000F 00000009 00000000 00000000 00000000 00000001 00000101 00000100 00000010 00000004 00000000 00000000 00000000
00000022 015 00881001 00000000 00000001 00000000 0000000F 00000009 00000000 00000000 00000000 00000001 00000101 00000100 00000010 00000004 00000000 00000000 00000000
00000023 009 01937000 00000000 00000009 00000000 0000000F 00000009 00000000 00000000 00000000 00000002 00000101 00000100 00000010 00000004 00000000 00000000 00000000
00000025 009 01937000 00000000 00000000 00000000 0000000F 00000009 00000000 00000000 00000000 00000002 00000101 00000100 00000010 00000004 00000000 00000000 00000000
00000026 00C 009A8000 00000000 00000018 00000000 0000000F 00000009 00000000 00000000 00000000 00000002 0000000F 00000100 00000010 00000004 00000000 00000000 00000000
00000028 00C 009A8000 00000000 00000000 00000000 0000000F 00000009 00000000 00000000 00000000 00000002 0000000F 00000100 00000010 00000004 00000000 00000000 00000000
00000029 00D 10B90000 00000000 00000000 00000000 0000000F 00000009 00000000 00000000 00000000 00000002 00000102 00000100 00000010 00000004 00000000 00000000 00000000
0000002A 00E 00991001 00000000 00000001 00000000 0000000F 00000009 00000000 00000000 00000000 00000002 00000102 00000100 00000010 00000004 00000000 00000000 00000000
0000002B 00F 10C90000 00000000 00000000 00000000 0000000F 00000009 00000000 00000000 00000000 00000002 00000103 00000100 00000010 00000004 00000000 00000000 00000000
0000002C 012 11B90000 00000000 00000015 00000000 0000000F 00000009 00000000 00000000 00000000 00000002 00000103 00000100 00000010 00000008 00000000 00000000 00000000
0000002E 012 11B90000 00000000 00000000 00000000 0000000F 00000009 00000000 00000000 00000000 00000002 00000103 00000100 00000010 00000008 00000000 00000000 00000000
0000002F 013 01991001 00000000 00000001 00000000 0000000F 00000009 00000000 00000000 00000000 00000002 00000103 00000100 00000010 00000008 00000000 00000000 00000000
00000030 014 11C90000 00000000 00000000 00000000 0000000F 00000009 00000000 00000000 00000000 00000002 00000102 00000100 00000010 00000008 00000000 00000000 00000000
00000031 015 00881001 00000000 00000001 00000000 0000000F 00000009 00000000 00000000 00000000 00000002 00000102 00000100 00000010 00000008 00000000 00000000 00000000
00000032 009 01937000 00000000 00000009 00000000 0000000F 00000009 00000000 00000000 00000000 00000003 00000102 00000100 00000010 00000008 00000000 00000000 00000000
00000034 009 01937000 00000000 00000000 00000000 0000000F 00000009 00000000 00000000 00000000 00000003 00000102 00000100 00000010 00000008 00000000 00000000 00000000
00000035 00C 009A8000 00000000 00000018 00000000 0000000F 00000009 00000000 00000000 00000000 00000003 0000000F 00000100 00000010 00000008 00000000 00000000 00000000
00000037 00C 009A8000 00000000 00000000 00000000 0000000F 00000009 00000000 00000000 00000000 00000003 0000000F 00000100 00000010 00000008 00000000 00000000 00000000
00000038 00D 10B90000 00000000 00000000 00000000 0000000F 00000009 00000000 00000000 00000000 00000003 00000103 00000100 00000010 00000008 00000000 00000000 00000000
00000039 00E 00991001 00000000 00000001 00000000 0000000F 00000009 00000000 00000000 00000000 00000003 00000103 00000100 00000010 00000008 00000000 00000000 00000000
0000003A 00F 10C90000 00000000 00000000 00000000 0000000F 00000009 00000000 00000000 00000000 00000003 00000104 00000100 00000010 00000008 00000000 00000000 00000000
0000003B 015 00881001 00000000 00000015 00000000 0000000F 00000009 00000000 00000000 00000000 00000003 00000104 00000100 00000010 00000014 00000000 00000000 00000000
0000003D 015 00881001 00000000 00000001 00000000 0000000F 00000009 00000000 00000000 00000000 00000003 00000104 00000100 00000010 00000014 00000000 00000000 00000000
0000003E 009 01937000 00000000 00000009 00000000 0000000F 00000009 00000000 00000000 00000000 00000004 00000104 00000100 00000010 00000014 00000000 00000000 00000000
00000040 009 01937000 00000000 00000000 00000000 0000000F 00000009 00000000 00000000 00000000 00000004 00000104 00000100 00000010 00000014 00000000 00000000 00000000
00000041 00C 009A8000 00000000 00000018 00000000 0000000F 00000009 00000000 00000000 00000000 00000004 0000000F 00000100 00000010 00000014 00000000 00000000 00000000
00000043 00C 009A8000 00000000 00000000 00000000 0000000F 00000009 00000000 00000000 00000000 00000004 0000000F 00000100 00000010 00000014 00000000 00000000 00000000
00000044 00D 10B90000 00000000 00000000 00000000 0000000F 00000009 00000000 00000000 00000000 00000004 00000104 00000100 00000010 00000014 00000000 00000000 00000000
00000045 00E 00991001 00000000 00000001 00000000 0000000F 00000009 00000000 00000000 00000000 00000004 00000104 00000100 00000014 00000014 00000000 00000000 00000000
00000046 00F 10C90000 00000000 00000000 00000000 0000000F 00000009 00000000 00000000 00000000 00000004 00000105 00000100 00000014 00000014 00000000 00000000 00000000
00000047 012 11B90000 00000000 00000015 00000000 0000000F 00000009 00000000 00000000 00000000 00000004 00000105 00000100 00000014 00000001 00000000 00000000 00000000
00000049 012 11B90000 00000000 00000000 00000000 0000000F 00000009 00000000 00000000 00000000 00000004 00000105 00000100 00000014 00000001 00000000 00000000 00000000
0000004A 013 01991001 00000000 00000001 00000000 0000000F 00000009 00000000 00000000 00000000 00000004 00000105 00000100 00000014 00000001 00000000 00000000 00000000
0000004B 014 11C90000 00000000 00000000 00000000 0000000F 00000009 00000000 00000000 00000000 00000004 00000104 00000100 00000014 00000001 00000000 00000000 00000000
0000004C 015 00881001 00000000 00000001 00000000 0000000F 00000009 00000000 00000000 00000000 00000004 00000104 00000100 00000014 00000001 00000000 00000000 00000000
0000004D 009 01937000 00000000 00000009 00000000 0000000F 00000009 00000000 00000000 00000000 00000005 00000104 00000100 00000014 00000001 00000000 00000000 00000000
0000004F 009 01937000 00000000 00000000 00000000 0000000F 00000009 00000000 00000000 00000000 00000005 00000104 00000100 00000014 00000001 00000000 00000000 00000000
00000050 00C 009A8000 00000000 00000018 00000000 0000000F 00000009 00000000 00000000 00000000 00000005 0000000F 00000100 00000014 00000001 00000000 00000000 00000000
00000052 00C 009A8000 00000000 00000000 00000000 0000000F 00000009 00000000 00000000 00000000 00000005 0000000F 00000100 00000014 00000001 00000000 00000000 00000000
00000053 00D 10B90000 00000000 00000000 00000000 0000000F 00000009 00000000 00000000 00000000 00000005 00000105 00000100 00000014 00000001 00000000 00000000 00000000
00000054 00E 00991001 00000000 00000001 00000000 0000000F 00000009 00000000 00000000 00000000 00000005 00000105 00000100 00000014 00000001 00000000 00000000 00000000
00000055 00F 10C90000 00000000 00000000 00000000 0000000F 00000009 00000000 00000000 00000000 00000005 00000106 00000100 00000014 00000001 00000000 00000000 00000000
00000056 012 11B90000 00000000 00000015 00000000 0000000F 00000009 00000000 00000000 00000000 00000005 00000106 00000100 00000014 00000006 00000000 00000000 00000000
00000058 012 11B90000 00000000 00000000 00000000 0000000F 00000009 00000000 00000000 00000000 00000005 00000106 00000100 00000014 00000006 00000000 00000000 00000000
00000059 013 01991001 00000000 00000001 00000000 0000000F 00000009 00000000 00000000 00000000 00000005 00000106 00000100 00000014 00000006 00000000 00000000 00000000
0000005A 014 11C90000 00000000 00000000 00000000 0000000F 00000009 00000000 00000000 00000000 00000005 00000105 00000100 00000014 00000006 00000000 00000000 00000000
0000005B 015 00881001 00000000 00000001 00000000 0000000F 00000009 00000000 00000000 00000000 00000005 00000105 00000100 00000014 00000006 00000000 00000000 00000000
0000005C 009 01937000 00000000 00000009 00000000 0000000F 00000009 00000000 00000000 00000000 00000006 00000105 00000100 00000014 00000006 00000000 00000000 00000000
0000005E 009 01937000 00000000 00000000 00000000 0000000F 00000009 00000000 00000000 00000000 00000006 00000105 00000100 00000014 00000006 00000000 00000000 00000000
0000005F 00C 009A8000 00000000 00000018 00000000 0000000F 00000009 00000000 00000000 00000000 00000006 0000000F 00000100 00000014 00000006 00000000 00000000 00000000
00000061 00C 009A8000 00000000 00000000 00000000 0000000F 00000009 00000000 00000000 00000000 00000006 0000000F 00000100 00000014 00000006 00000000 00000000 00000000
00000062 00D 10B90000 00000000 00000000 00000000 0000000F 00000009 00000000 00000000 00000000 00000006 00000106 00000100 00000014 00000006 00000000 00000000 00000000
00000063 00E 00991001 00000000 00000001 00000000 0000000F 00000009 00000000 00000000 00000000 00000006 00000106 00000100 00000014 00000006 00000000 00000000 00000000
00000064 00F 10C90000 00000000 00000000 00000000 0000000F 00000009 00000000 00000000 00000000 00000006 00000107 00000100 00000014 00000006 00000000 00000000 00000000
00000065 012 11B90000 00000000 00000015 00000000 0000000F 00000009 00000000 00000000 00000000 00000006 00000107 00000100 00000014 00000002 00000000 00000000 00000000
00000067 012 11B90000 00000000 00000000 00000000 0000000F 00000009 00000000 00000000 00000000 00000006 00000107 00000100 00000014 00000002 00000000 00000000 00000000
00000068 013 01991001 00000000 00000001 00000000 0000000F 00000009 00000000 00000000 00000000 00000006 00000107 00000100 00000014 00000002 00000000 00000000 00000000
00000069 014 11C90000 00000000 00000000 00000000 0000000F 00000009 00000000 00000000 00000000 00000006 00000106 00000100 00000014 00000002 00000000 00000000 00000000
0000006A 015 00881001 00000000 00000001 00000000 0000000F 00000009 00000000 00000000 00000000 00000006 00000106 00000100 00000014 00000002 00000000 00000000 00000000
0000006B 009 01937000 00000000 00000009 00000000 0000000F 00000009 00000000 00000000 00000000 00000007 00000106 00000100 00000014 00000002 00000000 00000000 00000000
0000006D 009 01937000 00000000 00000000 00000000 0000000F 00000009 00000000 00000000 00000000 00000007 00000106 00000100 00000014 00000002 00000000 00000000 00000000
0000006E 00C 009A8000 00000000 00000018 00000000 0000000F 00000009 00000000 00000000 00000000 00000007 0000000F 00000100 00000014 00000002 00000000 00000000 00000000
00000070 00C 009A8000 00000000 00000000 00000000 0000000F 00000009 00000000 00000000 00000000 00000007 0000000F 00000100 00000014 00000002 00000000 00000000 00000000
00000071 00D 10B90000 00000000 00000000 00000000 0000000F 00000009 00000000 00000000 00000000 00000007 00000107 00000100 00000014 00000002 00000000 00000000 00000000
00000072 00E 00991001 00000000 00000001 00000000 0000000F 00000009 00000000 00000000 00000000 00000007 00000107 00000100 00000014 00000002 00000000 00000000 00000000
00000073 00F 10C90000 00000000 00000000 00000000 0000000F 00000009 00000000 00000000 00000000 00000007 00000108 00000100 00000014 00000002 00000000 00000000 00000000
00000074 012 11B90000 00000000 00000015 00000000 0000000F 00000009 00000000 00000000 00000000 00000007 00000108 00000100 00000014 00000003 00000000 00000000 00000000
00000076 012 11B90000 00000000 00000000 00000000 0000000F 00000009 00000000 00000000 00000000 00000007 00000108 00000100 00000014 00000003 00000000 00000000 00000000
00000077 013 01991001 00000000 00000001 00000000 0000000F 00000009 00000000 00000000 00000000 00000007 00000108 00000100 00000014 00000003 00000000 00000000 00000000
00000078 014 11C90000 00000000 00000000 00000000 0000000F 00000009 00000000 00000000 00000000 00000007 00000107 00000100 00000014 00000003 00000000 00000000 00000000
00000079 015 00881001 00000000 00000001 00000000 0000000F 00000009 00000000 00000000 00000000 00000007 00000107 00000100 00000014 00000003 00000000 00000000 00000000
0000007A 009 01937000 00000000 00000009 00000000 0000000F 00000009 00000000 00000000 00000000 00000008 00000107 00000100 00000014 00000003 00000000 00000000 00000000
0000007C 009 01937000 00000000 00000000 00000000 0000000F 00000009 00000000 00000000 00000000 00000008 00000107 00000100 00000014 00000003 00000000 00000000 00000000
0000007D 00C 009A8000 00000000 00000018 00000000 0000000F 00000009 00000000 00000000 00000000 00000008 0000000F 00000100 00000014 00000003 00000000 00000000 00000000
0000007F 00C 009A8000 00000000 00000000 00000000 0000000F 00000009 00000000 00000000 00000000 00000008 0000000F 00000100 00000014 00000003 00000000 00000000 00000000
00000080 00D 10B90000 00000000 00000000 00000000 0000000F 00000009 00000000 00000000 00000000 00000008 00000108 00000100 00000014 00000003 00000000 00000000 00000000
00000081 00E 00991001 00000000 00000001 00000000 0000000F 00000009 00000000 00000000 00000000 00000008 00000108 00000100 00000014 00000003 00000000 00000000 00000000
00000082 00F 10C90000 00000000 00000000 00000000 0000000F 00000009 00000000 00000000 00000000 00000008 00000109 00000100 00000014 00000003 00000000 00000000 00000000
00000083 012 11B90000 00000000 00000015 00000000 0000000F 00000009 00000000 00000000 00000000 00000008 00000109 00000100 00000014 00000008 00000000 00000000 00000000
00000085 012 11B90000 00000000 00000000 00000000 0000000F 00000009 00000000 00000000 00000000 00000008 00000109 00000100 00000014 00000008 00000000 00000000 00000000
00000086 013 01991001 00000000 00000001 00000000 0000000F 00000009 00000000 00000000 00000000 00000008 00000109 00000100 00000014 00000008 00000000 00000000 00000000
00000087 014 11C90000 00000000 00000000 00000000 0000000F 00000009 00000000 00000000 00000000 00000008 00000108 00000100 00000014 00000008 00000000 00000000 00000000
00000088 015 00881001 00000000 00000001 00000000 0000000F 00000009 00000000 00000000 00000000 00000008 00000108 00000100 00000014 00000008 00000000 00000000 00000000
00000089 009 01937000 00000000 00000009 00000000 0000000F 00000009 00000000 00000000 00000000 00000009 00000108 00000100 00000014 00000008 00000000 00000000 00000000
0000008B 009 01937000 00000000 00000000 00000000 0000000F 00000009 00000000 00000000 00000000 00000009 00000108 00000100 00000014 00000008 00000000 00000000 00000000
0000008C 00C 009A8000 00000000 00000018 00000000 0000000F 00000009 00000000 00000000 00000000 00000009 0000000F 00000100 00000014 00000008 00000000 00000000 00000000
0000008E 00C 009A8000 00000000 00000000 00000000 0000000F 00000009 00000000 00000000 00000000 00000009 0000000F 00000100 00000014 00000008 00000000 00000000 00000000
0000008F 00D 10B90000 00000000 00000000 00000000 0000000F 00000009 00000000 00000000 00000000 00000009 00000109 00000100 00000014 00000008 00000000 00000000 00000000
00000090 00E 00991001 00000000 00000001 00000000 0000000F 00000009 00000000 00000000 00000000 00000009 00000109 00000100 00000014 00000008 00000000 00000000 00000000
00000091 00F 10C90000 00000000 00000000 00000000 0000000F 00000009 00000000 00000000 00000000 00000009 0000010A 00000100 00000014 00000008 00000000 00000000 00000000
00000092 012 11B90000 00000000 00000015 00000000 0000000F 00000009 00000000 00000000 00000000 00000009 0000010A 00000100 00000014 00000005 00000000 00000000 00000000
00000094 012 11B90000 00000000 00000000 00000000 0000000F 00000009 00000000 00000000 00000000 00000009 0000010A 00000100 00000014 00000005 00000000 00000000 00000000
00000095 013 01991001 00000000 00000001 00000000 0000000F 00000009 00000000 00000000 00000000 00000009 0000010A 00000100 00000014 00000005 00000000 00000000 00000000
00000096 014 11C90000 00000000 00000000 00000000 0000000F 00000009 00000000 00000000 00000000 00000009 00000109 00000100 00000014 00000005 00000000 00000000 00000000
00000097 015 00881001 00000000 00000001 00000000 0000000F 00000009 00000000 00000000 00000000 00000009 00000109 00000100 00000014 00000005 00000000 00000000 00000000
00000098 009 01937000 00000000 00000009 00000000 0000000F 00000009 00000000 00000000 00000000 0000000A 00000109 00000100 00000014 00000005 00000000 00000000 00000000
0000009A 009 01937000 00000000 00000000 00000000 0000000F 00000009 00000000 00000000 00000000 0000000A 00000109 00000100 00000014 00000005 00000000 00000000 00000000
0000009B 00C 009A8000 00000000 00000018 00000000 0000000F 00000009 00000000 00000000 00000000 0000000A 0000000F 00000100 00000014 00000005 00000000 00000000 00000000
0000009D 00C 009A8000 00000000 00000000 00000000 0000000F 00000009 00000000 00000000 00000000 0000000A 0000000F 00000100 00000014 00000005 00000000 00000000 00000000
0000009E 00D 10B90000 00000000 00000000 00000000 0000000F 00000009 00000000 00000000 00000000 0000000A 0000010A 00000100 00000014 00000005 00000000 00000000 00000000
0000009F 00E 00991001 00000000 00000001 00000000 0000000F 00000009 00000000 00000000 00000000 0000000A 0000010A 00000100 00000014 00000005 00000000 00000000 00000000
000000A0 00F 10C90000 00000000 00000000 00000000 0000000F 00000009 00000000 00000000 00000000 0000000A 0000010B 00000100 00000014 00000005 00000000 00000000 00000000
000000A1 012 11B90000 00000000 00000015 00000000 0000000F 00000009 00000000 00000000 00000000 0000000A 0000010B 00000100 00000014 00000004 00000000 00000000 00000000
000000A3 012 11B90000 00000000 00000000 00000000 0000000F 00000009 00000000 00000000 00000000 0000000A 0000010B 00000100 00000014 00000004 00000000 00000000 00000000
000000A4 013 01991001 00000000 00000001 00000000 0000000F 00000009 00000000 00000000 00000000 0000000A 0000010B 00000100 00000014 00000004 00000000 00000000 00000000
000000A5 014 11C90000 00000000 00000000 00000000 0000000F 00000009 00000000 00000000 00000000 0000000A 0000010A 00000100 00000014 00000004 00000000 00000000 00000000
000000A6 015 00881001 00000000 00000001 00000000 0000000F 00000009 00000000 00000000 00000000 0000000A 0000010A 00000100 00000014 00000004 00000000 00000000 00000000
000000A7 009 01937000 00000000 00000009 00000000 0000000F 00000009 00000000 00000000 00000000 0000000B 0000010A 00000100 00000014 00000004 00000000 00000000 00000000
000000A9 009 01937000 00000000 00000000 00000000 0000000F 00000009 00000000 00000000 00000000 0000000B 0000010A 00000100 00000014 00000004 00000000 00000000 00000000
000000AA 00C 009A8000 00000000 00000018 00000000 0000000F 00000009 00000000 00000000 00000000 0000000B 0000000F 00000100 00000014 00000004 00000000 00000000 00000000
000000AC 00C 009A8000 00000000 00000000 00000000 0000000F 00000009 00000000 00000000 00000000 0000000B 0000000F 00000100 00000014 00000004 00000000 00000000 00000000
000000AD 00D 10B90000 00000000 00000000 00000000 0000000F 00000009 00000000 00000000 00000000 0000000B 0000010B 00000100 00000014 00000004 00000000 00000000 00000000
000000AE 00E 00991001 00000000 00000001 00000000 0000000F 00000009 00000000 00000000 00000000 0000000B 0000010B 00000100 00000014 00000004 00000000 00000000 00000000
000000AF 00F 10C90000 00000000 00000000 00000000 0000000F 00000009 00000000 00000000 00000000 0000000B 0000010C 00000100 00000014 00000004 00000000 00000000 00000000
000000B0 012 11B90000 00000000 00000015 00000000 0000000F 00000009 00000000 00000000 00000000 0000000B 0000010C 00000100 00000014 0000000B 00000000 00000000 00000000
000000B2 012 11B90000 00000000 00000000 00000000 0000000F 00000009 00000000 00000000 00000000 0000000B 0000010C 00000100 00000014 0000000B 00000000 00000000 00000000
000000B3 013 01991001 00000000 00000001 00000000 0000000F 00000009 00000000 00000000 00000000 0000000B 0000010C 00000100 00000014 0000000B 00000000 00000000 00000000
000000B4 014 11C90000 00000000 00000000 00000000 0000000F 00000009 00000000 00000000 00000000 0000000B 0000010B 00000100 00000014 0000000B 00000000 00000000 00000000
000000B5 015 00881001 00000000 00000001 00000000 0000000F 00000009 00000000 00000000 00000000 0000000B 0000010B 00000100 00000014 0000000B 00000000 00000000 00000000
000000B6 009 01937000 00000000 00000009 00000000 0000000F 00000009 00000000 00000000 00000000 0000000C 0000010B 00000100 00000014 0000000B 00000000 00000000 00000000
000000B8 009 01937000 00000000 00000000 00000000 0000000F 00000009 00000000 00000000 00000000 0000000C 0000010B 00000100 00000014 0000000B 00000000 00000000 00000000
000000B9 00C 009A8000 00000000 00000018 00000000 0000000F 00000009 00000000 00000000 00000000 0000000C 0000000F 00000100 00000014 0000000B 00000000 00000000 00000000
000000BB 00C 009A8000 00000000 00000000 00000000 0000000F 00000009 00000000 00000000 00000000 0000000C 0000000F 00000100 00000014 0000000B 00000000 00000000 00000000
000000BC 00D 10B90000 00000000 00000000 00000000 0000000F 00000009 00000000 00000000 00000000 0000000C 0000010C 00000100 00000014 0000000B 00000000 00000000 00000000
000000BD 00E 00991001 00000000 00000001 00000000 0000000F 00000009 00000000 00000000 00000000 0000000C 0000010C 00000100 00000014 0000000B 00000000 00000000 00000000
000000BE 00F 10C90000 00000000 00000000 00000000 0000000F 00000009 00000000 00000000 00000000 0000000C 0000010D 00000100 00000014 0000000B 00000000 00000000 00000000
000000BF 012 11B90000 00000000 00000015 00000000 0000000F 00000009 00000000 00000000 00000000 0000000C 0000010D 00000100 00000014 00000009 00000000 00000000 00000000
000000C1 012 11B90000 00000000 00000000 00000000 0000000F 00000009 00000000 00000000 00000000 0000000C 0000010D 00000100 00000014 00000009 00000000 00000000 00000000
000000C2 013 01991001 00000000 00000001 00000000 0000000F 00000009 00000000 00000000 00000000 0000000C 0000010D 00000100 00000014 00000009 00000000 00000000 00000000
000000C3 014 11C90000 00000000 00000000 00000000 0000000F 00000009 00000000 00000000 00000000 0000000C 0000010C 00000100 00000014 00000009 00000000 00000000 00000000
000000C4 015 00881001 00000000 00000001 00000000 0000000F 00000009 00000000 00000000 00000000 0000000C 0000010C 00000100 00000014 00000009 00000000 00000000 00000000
000000C5 009 01937000 00000000 00000009 00000000 0000000F 00000009 00000000 00000000 00000000 0000000D 0000010C 00000100 00000014 00000009 00000000 00000000 00000000
000000C7 009 01937000 00000000 00000000 00000000 0000000F 00000009 00000000 00000000 00000000 0000000D 0000010C 00000100 00000014 00000009 00000000 00000000 00000000
000000C8 00C 009A8000 00000000 00000018 00000000 0000000F 00000009 00000000 00000000 00000000 0000000D 0000000F 00000100 00000014 00000009 00000000 00000000 00000000
000000CA 00C 009A8000 00000000 00000000 00000000 0000000F 00000009 00000000 00000000 00000000 0000000D 0000000F 00000100 00000014 00000009 00000000 00000000 00000000
000000CB 00D 10B90000 00000000 00000000 00000000 0000000F 00000009 00000000 00000000 00000000 0000000D 0000010D 00000100 00000014 00000009 00000000 00000000 00000000
000000CC 00E 00991001 00000000 00000001 00000000 0000000F 00000009 00000000 00000000 00000000 0000000D 0000010D 00000100 00000014 00000009 00000000 00000000 00000000
000000CD 00F 10C90000 00000000 00000000 00000000 0000000F 00000009 00000000 00000000 00000000 0000000D 0000010E 00000100 00000014 00000009 00000000 00000000 00000000
000000CE 015 00881001 00000000 00000015 00000000 0000000F 00000009 00000000 00000000 00000000 0000000D 0000010E 00000100 00000014 0000001E 00000000 00000000 00000000
000000D0 015 00881001 00000000 00000001 00000000 0000000F 00000009 00000000 00000000 00000000 0000000D 0000010E 00000100 00000014 0000001E 00000000 00000000 00000000
000000D1 009 01937000 00000000 00000009 00000000 0000000F 00000009 00000000 00000000 00000000 0000000E 0000010E 00000100 00000014 0000001E 00000000 00000000 00000000
000000D3 009 01937000 00000000 00000000 00000000 0000000F 00000009 00000000 00000000 00000000 0000000E 0000010E 00000100 00000014 0000001E 00000000 00000000 00000000
000000D4 00C 009A8000 00000000 00000018 00000000 0000000F 00000009 00000000 00000000 00000000 0000000E 0000000F 00000100 00000014 0000001E 00000000 00000000 00000000
000000D6 00C 009A8000 00000000 00000000 00000000 0000000F 00000009 00000000 00000000 00000000 0000000E 0000000F 00000100 00000014 0000001E 00000000 00000000 00000000
000000D7 00D 10B90000 00000000 00000000 00000000 0000000F 00000009 00000000 00000000 00000000 0000000E 0000010E 00000100 00000014 0000001E 00000000 00000000 00000000
000000D8 00E 00991001 00000000 00000001 00000000 0000000F 00000009 00000000 00000000 00000000 0000000E 0000010E 00000100 0000001E 0000001E 00000000 00000000 00000000
000000D9 00F 10C90000 00000000 00000000 00000000 0000000F 00000009 00000000 00000000 00000000 0000000E 0000010F 00000100 0000001E 0000001E 00000000 00000000 00000000
000000DA 012 11B90000 00000000 00000015 00000000 0000000F 00000009 00000000 00000000 00000000 0000000E 0000010F 00000100 0000001E 00000019 00000000 00000000 00000000
000000DC 012 11B90000 00000000 00000000 00000000 0000000F 00000009 00000000 00000000 00000000 0000000E 0000010F 00000100 0000001E 00000019 00000000 00000000 00000000
000000DD 013 01991001 00000000 00000001 00000000 0000000F 00000009 00000000 00000000 00000000 0000000E 0000010F 00000100 0000001E 00000019 00000000 00000000 00000000
000000DE 014 11C90000 00000000 00000000 00000000 0000000F 00000009 00000000 00000000 00000000 0000000E 0000010E 00000100 0000001E 00000019 00000000 00000000 00000000
000000DF 015 00881001 00000000 00000001 00000000 0000000F 00000009 00000000 00000000 00000000 0000000E 0000010E 00000100 0000001E 00000019 00000000 00000000 00000000
000000E0 009 01937000 00000000 00000009 00000000 0000000F 00000009 00000000 00000000 00000000 0000000F 0000010E 00000100 0000001E 00000019 00000000 00000000 00000000
000000E2 009 01937000 00000000 00000000 00000000 0000000F 00000009 00000000 00000000 00000000 0000000F 0000010E 00000100 0000001E 00000019 00000000 00000000 00000000
000000E3 018 00771001 00000000 00000018 00000000 0000000F 00000009 00000000 00000000 00000000 0000000F 0000000F 00000100 0000001E 00000019 00000000 00000000 00000000
000000E5 018 00771001 00000000 00000001 00000000 0000000F 00000009 00000000 00000000 00000000 0000000F 0000000F 00000100 0000001E 00000019 00000000 00000000 00000000
000000E6 005 09173100 00000000 00000005 00000000 0000000F 00000009 00000000 00000000 00000001 0000000F 0000000F 00000100 0000001E 00000019 00000000 00000000 00000000
000000E8 007 00801000 00000000 0000001B 00000000 0000000F 00000009 00000000 00000000 00000001 0000000F 0000000F 00000100 0000001E 00000019 00000000 00000000 00000000
000000EA 007 00801000 00000000 00000000 00000000 0000000F 00000009 00000000 00000000 00000001 0000000F 0000000F 00000100 0000001E 00000019 00000000 00000000 00000000
000000EB 008 14740000 00000000 00000000 00000000 0000000F 00000009 00000000 00000000 00000001 00000000 0000000F 00000100 0000001E 00000019 00000000 00000000 00000000
000000EC 009 01937000 00000000 00000000 00000000 0000000F 00000009 00000000 00000000 00000001 00000000 0000000F 00000100 0000001E 00000019 00000000 00000000 00000000
000000ED 00C 009A8000 00000000 00000018 00000000 0000000F 00000009 00000000 00000000 00000001 00000000 0000000E 00000100 0000001E 00000019 00000000 00000000 00000000
000000EF 00C 009A8000 00000000 00000000 00000000 0000000F 00000009 00000000 00000000 00000001 00000000 0000000E 00000100 0000001E 00000019 00000000 00000000 00000000
000000F0 00D 10B90000 00000000 00000000 00000000 0000000F 00000009 00000000 00000000 00000001 00000000 00000100 00000100 0000001E 00000019 00000000 00000000 00000000
000000F1 00E 00991001 00000000 00000001 00000000 0000000F 00000009 00000000 00000000 00000001 00000000 00000100 00000100 00000007 00000019 00000000 00000000 00000000
000000F2 00F 10C90000 00000000 00000000 00000000 0000000F 00000009 00000000 00000000 00000001 00000000 00000101 00000100 00000007 00000019 00000000 00000000 00000000
000000F3 012 11B90000 00000000 00000015 00000000 0000000F 00000009 00000000 00000000 00000001 00000000 00000101 00000100 00000007 00000004 00000000 00000000 00000000
000000F5 012 11B90000 00000000 00000000 00000000 0000000F 00000009 00000000 00000000 00000001 00000000 00000101 00000100 00000007 00000004 00000000 00000000 00000000
000000F6 013 01991001 00000000 00000001 00000000 0000000F 00000009 00000000 00000000 00000001 00000000 00000101 00000100 00000007 00000004 00000000 00000000 00000000
000000F7 014 11C90000 00000000 00000000 00000000 0000000F 00000009 00000000 00000000 00000001 00000000 00000100 00000100 00000007 00000004 00000000 00000000 00000000
000000F8 015 00881001 00000000 00000001 00000000 0000000F 00000009 00000000 00000000 00000001 00000000 00000100 00000100 00000007 00000004 00000000 00000000 00000000
000000F9 009 01937000 00000000 00000009 00000000 0000000F 00000009 00000000 00000000 00000001 00000001 00000100 00000100 00000007 00000004 00000000 00000000 00000000
000000FB 009 01937000 00000000 00000000 00000000 0000000F 00000009 00000000 00000000 00000001 00000001 00000100 00000100 00000007 00000004 00000000 00000000 00000000
000000FC 00C 009A8000 00000000 00000018 00000000 0000000F 00000009 00000000 00000000 00000001 00000001 0000000E 00000100 00000007 00000004 00000000 00000000 00000000
000000FE 00C 009A8000 00000000 00000000 00000000 0000000F 00000009 00000000 00000000 00000001 00000001 0000000E 00000100 00000007 00000004 00000000 00000000 00000000
000000FF 00D 10B90000 00000000 00000000 00000000 0000000F 00000009 00000000 00000000 00000001 00000001 00000101 00000100 00000007 00000004 00000000 00000000 00000000
00000100 00E 00991001 00000000 00000001 00000000 0000000F 00000009 00000000 00000000 00000001 00000001 00000101 00000100 00000007 00000004 00000000 00000000 00000000
00000101 00F 10C90000 00000000 00000000 00000000 0000000F 00000009 00000000 00000000 00000001 00000001 00000102 00000100 00000007 00000004 00000000 00000000 00000000
00000102 015 00881001 00000000 00000015 00000000 0000000F 00000009 00000000 00000000 00000001 00000001 00000102 00000100 00000007 00000008 00000000 00000000 00000000
00000104 015 00881001 00000000 00000001 00000000 0000000F 00000009 00000000 00000000 00000001 00000001 00000102 00000100 00000007 00000008 00000000 00000000 00000000
00000105 009 01937000 00000000 00000009 00000000 0000000F 00000009 00000000 00000000 00000001 00000002 00000102 00000100 00000007 00000008 00000000 00000000 00000000
00000107 009 01937000 00000000 00000000 00000000 0000000F 00000009 00000000 00000000 00000001 00000002 00000102 00000100 00000007 00000008 00000000 00000000 00000000
00000108 00C 009A8000 00000000 00000018 00000000 0000000F 00000009 00000000 00000000 00000001 00000002 0000000E 00000100 00000007 00000008 00000000 00000000 00000000
0000010A 00C 009A8000 00000000 00000000 00000000 0000000F 00000009 00000000 00000000 00000001 00000002 0000000E 00000100 00000007 00000008 00000000 00000000 00000000
0000010B 00D 10B90000 00000000 00000000 00000000 0000000F 00000009 00000000 00000000 00000001 00000002 00000102 00000100 00000007 00000008 00000000 00000000 00000000
0000010C 00E 00991001 00000000 00000001 00000000 0000000F 00000009 00000000 00000000 00000001 00000002 00000102 00000100 00000008 00000008 00000000 00000000 00000000
0000010D 00F 10C90000 00000000 00000000 00000000 0000000F 00000009 00000000 00000000 00000001 00000002 00000103 00000100 00000008 00000008 00000000 00000000 00000000
0000010E 015 00881001 00000000 00000015 00000000 0000000F 00000009 00000000 00000000 00000001 00000002 00000103 00000100 00000008 00000010 00000000 00000000 00000000
00000110 015 00881001 00000000 00000001 00000000 0000000F 00000009 00000000 00000000 00000001 00000002 00000103 00000100 00000008 00000010 00000000 00000000 00000000
00000111 009 01937000 00000000 00000009 00000000 0000000F 00000009 00000000 00000000 00000001 00000003 00000103 00000100 00000008 00000010 00000000 00000000 00000000
00000113 009 01937000 00000000 00000000 00000000 0000000F 00000009 00000000 00000000 00000001 00000003 00000103 00000100 00000008 00000010 00000000 00000000 00000000
00000114 00C 009A8000 00000000 00000018 00000000 0000000F 00000009 00000000 00000000 00000001 00000003 0000000E 00000100 00000008 00000010 00000000 00000000 00000000
00000116 00C 009A8000 00000000 00000000 00000000 0000000F 00000009 00000000 00000000 00000001 00000003 0000000E 00000100 00000008 00000010 00000000 00000000 00000000
00000117 00D 10B90000 00000000 00000000 00000000 0000000F 00000009 00000000 00000000 00000001 00000003 00000103 00000100 00000008 00000010 00000000 00000000 00000000
00000118 00E 00991001 00000000 00000001 00000000 0000000F 00000009 00000000 00000000 00000001 00000003 00000103 00000100 00000010 00000010 00000000 00000000 00000000
00000119 00F 10C90000 00000000 00000000 00000000 0000000F 00000009 00000000 00000000 00000001 00000003 00000104 00000100 00000010 00000010 00000000 00000000 00000000
0000011A 012 11B90000 00000000 00000015 00000000 0000000F 00000009 00000000 00000000 00000001 00000003 00000104 00000100 00000010 00000001 00000000 00000000 00000000
0000011C 012 11B90000 00000000 00000000 00000000 0000000F 00000009 00000000 00000000 00000001 00000003 00000104 00000100 00000010 00000001 00000000 00000000 00000000
0000011D 013 01991001 00000000 00000001 00000000 0000000F 00000009 00000000 00000000 00000001 00000003 00000104 00000100 00000010 00000001 00000000 00000000 00000000
0000011E 014 11C90000 00000000 00000000 00000000 0000000F 00000009 00000000 00000000 00000001 00000003 00000103 00000100 00000010 00000001 00000000 00000000 00000000
0000011F 015 00881001 00000000 00000001 00000000 0000000F 00000009 00000000 00000000 00000001 00000003 00000103 00000100 00000010 00000001 00000000 00000000 00000000
00000120 009 01937000 00000000 00000009 00000000 0000000F 00000009 00000000 00000000 00000001 00000004 00000103 00000100 00000010 00000001 00000000 00000000 00000000
00000122 009 01937000 00000000 00000000 00000000 0000000F 00000009 00000000 00000000 00000001 00000004 00000103 00000100 00000010 00000001 00000000 00000000 00000000
00000123 00C 009A8000 00000000 00000018 00000000 0000000F 00000009 00000000 00000000 00000001 00000004 0000000E 00000100 00000010 00000001 00000000 00000000 00000000
00000125 00C 009A8000 00000000 00000000 00000000 0000000F 00000009 00000000 00000000 00000001 00000004 0000000E 00000100 00000010 00000001 00000000 00000000 00000000
00000126 00D 10B90000 00000000 00000000 00000000 0000000F 00000009 00000000 00000000 00000001 00000004 00000104 00000100 00000010 00000001 00000000 00000000 00000000
00000127 00E 00991001 00000000 00000001 00000000 0000000F 00000009 00000000 00000000 00000001 00000004 00000104 00000100 00000010 00000001 00000000 00000000 00000000
00000128 00F 10C90000 00000000 00000000 00000000 0000000F 00000009 00000000 00000000 00000001 00000004 00000105 00000100 00000010 00000001 00000000 00000000 00000000
00000129 012 11B90000 00000000 00000015 00000000 0000000F 00000009 00000000 00000000 00000001 00000004 00000105 00000100 00000010 00000006 00000000 00000000 00000000
0000012B 012 11B90000 00000000 00000000 00000000 0000000F 00000009 00000000 00000000 00000001 00000004 00000105 00000100 00000010 00000006 00000000 00000000 00000000
0000012C 013 01991001 00000000 00000001 00000000 0000000F 00000009 00000000 00000000 00000001 00000004 00000105 00000100 00000010 00000006 00000000 00000000 00000000
0000012D 014 11C90000 00000000 00000000 00000000 0000000F 00000009 00000000 00000000 00000001 00000004 00000104 00000100 00000010 00000006 00000000 00000000 00000000
0000012E 015 00881001 00000000 00000001 00000000 0000000F 00000009 00000000 00000000 00000001 00000004 00000104 00000100 00000010 00000006 00000000 00000000 00000000
0000012F 009 01937000 00000000 00000009 00000000 0000000F 00000009 00000000 00000000 00000001 00000005 00000104 00000100 00000010 00000006 00000000 00000000 00000000
00000131 009 01937000 00000000 00000000 00000000 0000000F 00000009 00000000 00000000 00000001 00000005 00000104 00000100 00000010 00000006 00000000 00000000 00000000
00000132 00C 009A8000 00000000 00000018 00000000 0000000F 00000009 00000000 00000000 00000001 00000005 0000000E 00000100 00000010 00000006 00000000 00000000 00000000
00000134 00C 009A8000 00000000 00000000 00000000 0000000F 00000009 00000000 00000000 00000001 00000005 0000000E 00000100 00000010 00000006 00000000 00000000 00000000
00000135 00D 10B90000 00000000 00000000 00000000 0000000F 00000009 00000000 00000000 00000001 00000005 00000105 00000100 00000010 00000006 00000000 00000000 00000000
00000136 00E 00991001 00000000 00000001 00000000 0000000F 00000009 00000000 00000000 00000001 00000005 00000105 00000100 00000010 00000006 00000000 00000000 00000000
00000137 00F 10C90000 00000000 00000000 00000000 0000000F 00000009 00000000 00000000 00000001 00000005 00000106 00000100 00000010 00000006 00000000 00000000 00000000
00000138 012 11B90000 00000000 00000015 00000000 0000000F 00000009 00000000 00000000 00000001 00000005 00000106 00000100 00000010 00000002 00000000 00000000 00000000
0000013A 012 11B90000 00000000 00000000 00000000 0000000F 00000009 00000000 00000000 00000001 00000005 00000106 00000100 00000010 00000002 00000000 00000000 00000000
0000013B 013 01991001 00000000 00000001 00000000 0000000F 00000009 00000000 00000000 00000001 00000005 00000106 00000100 00000010 00000002 00000000 00000000 00000000
0000013C 014 11C90000 00000000 00000000 00000000 0000000F 00000009 00000000 00000000 00000001 00000005 00000105 00000100 00000010 00000002 00000000 00000000 00000000
0000013D 015 00881001 00000000 00000001 00000000 0000000F 00000009 00000000 00000000 00000001 00000005 00000105 00000100 00000010 00000002 00000000 00000000 00000000
0000013E 009 01937000 00000000 00000009 00000000 0000000F 00000009 00000000 00000000 00000001 00000006 00000105 00000100 00000010 00000002 00000000 00000000 00000000
00000140 009 01937000 00000000 00000000 00000000 0000000F 00000009 00000000 00000000 00000001 00000006 00000105 00000100 00000010 00000002 00000000 00000000 00000000
00000141 00C 009A8000 00000000 00000018 00000000 0000000F 00000009 00000000 00000000 00000001 00000006 0000000E 00000100 00000010 00000002 00000000 00000000 00000000
00000143 00C 009A8000 00000000 00000000 00000000 0000000F 00000009 00000000 00000000 00000001 00000006 0000000E 00000100 00000010 00000002 00000000 00000000 00000000
00000144 00D 10B90000 00000000 00000000 00000000 0000000F 00000009 00000000 00000000 00000001 00000006 00000106 00000100 00000010 00000002 00000000 00000000 00000000
00000145 00E 00991001 00000000 00000001 00000000 0000000F 00000009 00000000 00000000 00000001 00000006 00000106 00000100 00000010 00000002 00000000 00000000 00000000
00000146 00F 10C90000 00000000 00000000 00000000 0000000F 00000009 00000000 00000000 00000001 00000006 00000107 00000100 00000010 00000002 00000000 00000000 00000000
00000147 012 11B90000 00000000 00000015 00000000 0000000F 00000009 00000000 00000000 00000001 00000006 00000107 00000100 00000010 00000003 00000000 00000000 00000000
00000149 012 11B90000 00000000 00000000 00000000 0000000F 00000009 00000000 00000000 00000001 00000006 00000107 00000100 00000010 00000003 00000000 00000000 00000000
0000014A 013 01991001 00000000 00000001 00000000 0000000F 00000009 00000000 00000000 00000001 00000006 00000107 00000100 00000010 00000003 00000000 00000000 00000000
0000014B 014 11C90000 00000000 00000000 00000000 0000000F 00000009 00000000 00000000 00000001 00000006 00000106 00000100 00000010 00000003 00000000 00000000 00000000
0000014C 015 00881001 00000000 00000001 00000000 0000000F 00000009 00000000 00000000 00000001 00000006 00000106 00000100 00000010 00000003 00000000 00000000 00000000
0000014D 009 01937000 00000000 00000009 00000000 0000000F 00000009 00000000 00000000 00000001 00000007 00000106 00000100 00000010 00000003 00000000 00000000 00000000
0000014F 009 01937000 00000000 00000000 00000000 0000000F 00000009 00000000 00000000 00000001 00000007 00000106 00000100 00000010 00000003 00000000 00000000 00000000
00000150 00C 009A8000 00000000 00000018 00000000 0000000F 00000009 00000000 00000000 00000001 00000007 0000000E 00000100 00000010 00000003 00000000 00000000 00000000
00000152 00C 009A8000 00000000 00000000 00000000 0000000F 00000009 00000000 00000000 00000001 00000007 0000000E 00000100 00000010 00000003 00000000 00000000 00000000
00000153 00D 10B90000 00000000 00000000 00000000 0000000F 00000009 00000000 00000000 00000001 00000007 00000107 00000100 00000010 00000003 00000000 00000000 00000000
00000154 00E 00991001 00000000 00000001 00000000 0000000F 00000009 00000000 00000000 00000001 00000007 00000107 00000100 00000010 00000003 00000000 00000000 00000000
00000155 00F 10C90000 00000000 00000000 00000000 0000000F 00000009 00000000 00000000 00000001 00000007 00000108 00000100 00000010 00000003 00000000 00000000 00000000
00000156 012 11B90000 00000000 00000015 00000000 0000000F 00000009 00000000 00000000 00000001 00000007 00000108 00000100 00000010 00000008 00000000 00000000 00000000
00000158 012 11B90000 00000000 00000000 00000000 0000000F 00000009 00000000 00000000 00000001 00000007 00000108 00000100 00000010 00000008 00000000 00000000 00000000
00000159 013 01991001 00000000 00000001 00000000 0000000F 00000009 00000000 00000000 00000001 00000007 00000108 00000100 00000010 00000008 00000000 00000000 00000000
0000015A 014 11C90000 00000000 00000000 00000000 0000000F 00000009 00000000 00000000 00000001 00000007 00000107 00000100 00000010 00000008 00000000 00000000 00000000
0000015B 015 00881001 00000000 00000001 00000000 0000000F 00000009 00000000 00000000 00000001 00000007 00000107 00000100 00000010 00000008 00000000 00000000 00000000
0000015C 009 01937000 00000000 00000009 00000000 0000000F 00000009 00000000 00000000 00000001 00000008 00000107 00000100 00000010 00000008 00000000 00000000 00000000
0000015E 009 01937000 00000000 00000000 00000000 0000000F 00000009 00000000 00000000 00000001 00000008 00000107 00000100 00000010 00000008 00000000 00000000 00000000
0000015F 00C 009A8000 00000000 00000018 00000000 0000000F 00000009 00000000 00000000 00000001 00000008 0000000E 00000100 00000010 00000008 00000000 00000000 00000000
00000161 00C 009A8000 00000000 00000000 00000000 0000000F 00000009 00000000 00000000 00000001 00000008 0000000E 00000100 00000010 00000008 00000000 00000000 00000000
00000162 00D 10B90000 00000000 00000000 00000000 0000000F 00000009 00000000 00000000 00000001 00000008 00000108 00000100 00000010 00000008 00000000 00000000 00000000
00000163 00E 00991001 00000000 00000001 00000000 0000000F 00000009 00000000 00000000 00000001 00000008 00000108 00000100 00000010 00000008 00000000 00000000 00000000
00000164 00F 10C90000 00000000 00000000 00000000 0000000F 00000009 00000000 00000000 00000001 00000008 00000109 00000100 00000010 00000008 00000000 00000000 00000000
00000165 012 11B90000 00000000 00000015 00000000 0000000F 00000009 00000000 00000000 00000001 00000008 00000109 00000100 00000010 00000005 00000000 00000000 00000000
00000167 012 11B90000 00000000 00000000 00000000 0000000F 00000009 00000000 00000000 00000001 00000008 00000109 00000100 00000010 00000005 00000000 00000000 00000000
00000168 013 01991001 00000000 00000001 00000000 0000000F 00000009 00000000 00000000 00000001 00000008 00000109 00000100 00000010 00000005 00000000 00000000 00000000
00000169 014 11C90000 00000000 00000000 00000000 0000000F 00000009 00000000 00000000 00000001 00000008 00000108 00000100 00000010 00000005 00000000 00000000 00000000
0000016A 015 00881001 00000000 00000001 00000000 0000000F 00000009 00000000 00000000 00000001 00000008 00000108 00000100 00000010 00000005 00000000 00000000 00000000
0000016B 009 01937000 00000000 00000009 00000000 0000000F 00000009 00000000 00000000 00000001 00000009 00000108 00000100 00000010 00000005 00000000 00000000 00000000
0000016D 009 01937000 00000000 00000000 00000000 0000000F 00000009 00000000 00000000 00000001 00000009 00000108 00000100 00000010 00000005 00000000 00000000 00000000
0000016E 00C 009A8000 00000000 00000018 00000000 0000000F 00000009 00000000 00000000 00000001 00000009 0000000E 00000100 00000010 00000005 00000000 00000000 00000000
00000170 00C 009A8000 00000000 00000000 00000000 0000000F 00000009 00000000 00000000 00000001 00000009 0000000E 00000100 00000010 00000005 00000000 00000000 00000000
00000171 00D 10B90000 00000000 00000000 00000000 0000000F 00000009 00000000 00000000 00000001 00000009 00000109 00000100 00000010 00000005 00000000 00000000 00000000
00000172 00E 00991001 00000000 00000001 00000000 0000000F 00000009 00000000 00000000 00000001 00000009 00000109 00000100 00000010 00000005 00000000 00000000 00000000
00000173 00F 10C90000 00000000 00000000 00000000 0000000F 00000009 00000000 00000000 00000001 00000009 0000010A 00000100 00000010 00000005 00000000 00000000 00000000
00000174 012 11B90000 00000000 00000015 00000000 0000000F 00000009 00000000 00000000 00000001 00000009 0000010A 00000100 00000010 00000004 00000000 00000000 00000000
00000176 012 11B90000 00000000 00000000 00000000 0000000F 00000009 00000000 00000000 00000001 00000009 0000010A 00000100 00000010 00000004 00000000 00000000 00000000
00000177 013 01991001 00000000 00000001 00000000 0000000F 00000009 00000000 00000000 00000001 00000009 0000010A 00000100 00000010 00000004 00000000 00000000 00000000
00000178 014 11C90000 00000000 00000000 00000000 0000000F 00000009 00000000 00000000 00000001 00000009 00000109 00000100 00000010 00000004 00000000 00000000 00000000
00000179 015 00881001 00000000 00000001 00000000 0000000F 00000009 00000000 00000000 00000001 00000009 00000109 00000100 00000010 00000004 00000000 00000000 00000000
0000017A 009 01937000 00000000 00000009 00000000 0000000F 00000009 00000000 00000000 00000001 0000000A 00000109 00000100 00000010 00000004 00000000 00000000 00000000
0000017C 009 01937000 00000000 00000000 00000000 0000000F 00000009 00000000 00000000 00000001 0000000A 00000109 00000100 00000010 00000004 00000000 00000000 00000000
0000017D 00C 009A8000 00000000 00000018 00000000 0000000F 00000009 00000000 00000000 00000001 0000000A 0000000E 00000100 00000010 00000004 00000000 00000000 00000000
0000017F 00C 009A8000 00000000 00000000 00000000 0000000F 00000009 00000000 00000000 00000001 0000000A 0000000E 00000100 00000010 00000004 00000000 00000000 00000000
00000180 00D 10B90000 00000000 00000000 00000000 0000000F 00000009 00000000 00000000 00000001 0000000A 0000010A 00000100 00000010 00000004 00000000 00000000 00000000
00000181 00E 00991001 00000000 00000001 00000000 0000000F 00000009 00000000 00000000 00000001 0000000A 0000010A 00000100 00000010 00000004 00000000 00000000 00000000
00000182 00F 10C90000 00000000 00000000 00000000 0000000F 00000009 00000000 00000000 00000001 0000000A 0000010B 00000100 00000010 00000004 00000000 00000000 00000000
00000183 012 11B90000 00000000 00000015 00000000 0000000F 00000009 00000000 00000000 00000001 0000000A 0000010B 00000100 00000010 0000000B 00000000 00000000 00000000
00000185 012 11B90000 00000000 00000000 00000000 0000000F 00000009 00000000 00000000 00000001 0000000A 0000010B 00000100 00000010 0000000B 00000000 00000000 00000000
00000186 013 01991001 00000000 00000001 00000000 0000000F 00000009 00000000 00000000 00000001 0000000A 0000010B 00000100 00000010 0000000B 00000000 00000000 00000000
00000187 014 11C90000 00000000 00000000 00000000 0000000F 00000009 00000000 00000000 00000001 0000000A 0000010A 00000100 00000010 0000000B 00000000 00000000 00000000
00000188 015 00881001 00000000 00000001 00000000 0000000F 00000009 00000000 00000000 00000001 0000000A 0000010A 00000100 00000010 0000000B 00000000 00000000 00000000
00000189 009 01937000 00000000 00000009 00000000 0000000F 00000009 00000000 00000000 00000001 0000000B 0000010A 00000100 00000010 0000000B 00000000 00000000 00000000
0000018B 009 01937000 00000000 00000000 00000000 0000000F 00000009 00000000 00000000 00000001 0000000B 0000010A 00000100 00000010 0000000B 00000000 00000000 00000000
0000018C 00C 009A8000 00000000 00000018 00000000 0000000F 00000009 00000000 00000000 00000001 0000000B 0000000E 00000100 00000010 0000000B 00000000 00000000 00000000
0000018E 00C 009A8000 00000000 00000000 00000000 0000000F 00000009 00000000 00000000 00000001 0000000B 0000000E 00000100 00000010 0000000B 00000000 00000000 00000000
0000018F 00D 10B90000 00000000 00000000 00000000 0000000F 00000009 00000000 00000000 00000001 0000000B 0000010B 00000100 00000010 0000000B 00000000 00000000 00000000
00000190 00E 00991001 00000000 00000001 00000000 0000000F 00000009 00000000 00000000 00000001 0000000B 0000010B 00000100 00000010 0000000B 00000000 00000000 00000000
00000191 00F 10C90000 00000000 00000000 00000000 0000000F 00000009 00000000 00000000 00000001 0000000B 0000010C 00000100 00000010 0000000B 00000000 00000000 00000000
00000192 012 11B90000 00000000 00000015 00000000 0000000F 00000009 00000000 00000000 00000001 0000000B 0000010C 00000100 00000010 00000009 00000000 00000000 00000000
00000194 012 11B90000 00000000 00000000 00000000 0000000F 00000009 00000000 00000000 00000001 0000000B 0000010C 00000100 00000010 00000009 00000000 00000000 00000000
00000195 013 01991001 00000000 00000001 00000000 0000000F 00000009 00000000 00000000 00000001 0000000B 0000010C 00000100 00000010 00000009 00000000 00000000 00000000
00000196 014 11C90000 00000000 00000000 00000000 0000000F 00000009 00000000 00000000 00000001 0000000B 0000010B 00000100 00000010 00000009 00000000 00000000 00000000
00000197 015 00881001 00000000 00000001 00000000 0000000F 00000009 00000000 00000000 00000001 0000000B 0000010B 00000100 00000010 00000009 00000000 00000000 00000000
00000198 009 01937000 00000000 00000009 00000000 0000000F 00000009 00000000 00000000 00000001 0000000C 0000010B 00000100 00000010 00000009 00000000 00000000 00000000
0000019A 009 01937000 00000000 00000000 00000000 0000000F 00000009 00000000 00000000 00000001 0000000C 0000010B 00000100 00000010 00000009 00000000 00000000 00000000
0000019B 00C 009A8000 00000000 00000018 00000000 0000000F 00000009 00000000 00000000 00000001 0000000C 0000000E 00000100 00000010 00000009 00000000 00000000 00000000
0000019D 00C 009A8000 00000000 00000000 00000000 0000000F 00000009 00000000 00000000 00000001 0000000C 0000000E 00000100 00000010 00000009 00000000 00000000 00000000
0000019E 00D 10B90000 00000000 00000000 00000000 0000000F 00000009 00000000 00000000 00000001 0000000C 0000010C 00000100 00000010 00000009 00000000 00000000 00000000
0000019F 00E 00991001 00000000 00000001 00000000 0000000F 00000009 00000000 00000000 00000001 0000000C 0000010C 00000100 00000010 00000009 00000000 00000000 00000000
000001A0 00F 10C90000 00000000 00000000 00000000 0000000F 00000009 00000000 00000000 00000001 0000000C 0000010D 00000100 00000010 00000009 00000000 00000000 00000000
000001A1 015 00881001 00000000 00000015 00000000 0000000F 00000009 00000000 00000000 00000001 0000000C 0000010D 00000100 00000010 00000014 00000000 00000000 00000000
000001A3 015 00881001 00000000 00000001 00000000 0000000F 00000009 00000000 00000000 00000001 0000000C 0000010D 00000100 00000010 00000014 00000000 00000000 00000000
000001A4 009 01937000 00000000 00000009 00000000 0000000F 00000009 00000000 00000000 00000001 0000000D 0000010D 00000100 00000010 00000014 00000000 00000000 00000000
000001A6 009 01937000 00000000 00000000 00000000 0000000F 00000009 00000000 00000000 00000001 0000000D 0000010D 00000100 00000010 00000014 00000000 00000000 00000000
000001A7 00C 009A8000 00000000 00000018 00000000 0000000F 00000009 00000000 00000000 00000001 0000000D 0000000E 00000100 00000010 00000014 00000000 00000000 00000000
000001A9 00C 009A8000 00000000 00000000 00000000 0000000F 00000009 00000000 00000000 00000001 0000000D 0000000E 00000100 00000010 00000014 00000000 00000000 00000000
000001AA 00D 10B90000 00000000 00000000 00000000 0000000F 00000009 00000000 00000000 00000001 0000000D 0000010D 00000100 00000010 00000014 00000000 00000000 00000000
000001AB 00E 00991001 00000000 00000001 00000000 0000000F 00000009 00000000 00000000 00000001 0000000D 0000010D 00000100 00000014 00000014 00000000 00000000 00000000
000001AC 00F 10C90000 00000000 00000000 00000000 0000000F 00000009 00000000 00000000 00000001 0000000D 0000010E 00000100 00000014 00000014 00000000 00000000 00000000
000001AD 015 00881001 00000000 00000015 00000000 0000000F 00000009 00000000 00000000 00000001 0000000D 0000010E 00000100 00000014 00000019 00000000 00000000 00000000
000001AF 015 00881001 00000000 00000001 00000000 0000000F 00000009 00000000 00000000 00000001 0000000D 0000010E 00000100 00000014 00000019 00000000 00000000 00000000
000001B0 009 01937000 00000000 00000009 00000000 0000000F 00000009 00000000 00000000 00000001 0000000E 0000010E 00000100 00000014 00000019 00000000 00000000 00000000
000001B2 009 01937000 00000000 00000000 00000000 0000000F 00000009 00000000 00000000 00000001 0000000E 0000010E 00000100 00000014 00000019 00000000 00000000 00000000
000001B3 018 00771001 00000000 00000018 00000000 0000000F 00000009 00000000 00000000 00000001 0000000E 0000000E 00000100 00000014 00000019 00000000 00000000 00000000
000001B5 018 00771001 00000000 00000001 00000000 0000000F 00000009 00000000 00000000 00000001 0000000E 0000000E 00000100 00000014 00000019 00000000 00000000 00000000
000001B6 005 09173100 00000000 00000005 00000000 0000000F 00000009 00000000 00000000 00000002 0000000E 0000000E 00000100 00000014 00000019 00000000 00000000 00000000
000001B8 007 00801000 00000000 0000001B 00000000 0000000F 00000009 00000000 00000000 00000002 0000000E 0000000E 00000100 00000014 00000019 00000000 00000000 00000000
000001BA 007 00801000 00000000 00000000 00000000 0000000F 00000009 00000000 00000000 00000002 0000000E 0000000E 00000100 00000014 00000019 00000000 00000000 00000000
000001BB 008 14740000 00000000 00000000 00000000 0000000F 00000009 00000000 00000000 00000002 00000000 0000000E 00000100 00000014 00000019 00000000 00000000 00000000
000001BC 009 01937000 00000000 00000000 00000000 0000000F 00000009 00000000 00000000 00000002 00000000 0000000E 00000100 00000014 00000019 00000000 00000000 00000000
000001BD 00C 009A8000 00000000 00000018 00000000 0000000F 00000009 00000000 00000000 00000002 00000000 0000000D 00000100 00000014 00000019 00000000 00000000 00000000
000001BF 00C 009A8000 00000000 00000000 00000000 0000000F 00000009 00000000 00000000 00000002 00000000 0000000D 00000100 00000014 00000019 00000000 00000000 00000000
000001C0 00D 10B90000 00000000 00000000 00000000 0000000F 00000009 00000000 00000000 00000002 00000000 00000100 00000100 00000014 00000019 00000000 00000000 00000000
000001C1 00E 00991001 00000000 00000001 00000000 0000000F 00000009 00000000 00000000 00000002 00000000 00000100 00000100 00000004 00000019 00000000 00000000 00000000
000001C2 00F 10C90000 00000000 00000000 00000000 0000000F 00000009 00000000 00000000 00000002 00000000 00000101 00000100 00000004 00000019 00000000 00000000 00000000
000001C3 015 00881001 00000000 00000015 00000000 0000000F 00000009 00000000 00000000 00000002 00000000 00000101 00000100 00000004 00000007 00000000 00000000 00000000
000001C5 015 00881001 00000000 00000001 00000000 0000000F 00000009 00000000 00000000 00000002 00000000 00000101 00000100 00000004 00000007 00000000 00000000 00000000
000001C6 009 01937000 00000000 00000009 00000000 0000000F 00000009 00000000 00000000 00000002 00000001 00000101 00000100 00000004 00000007 00000000 00000000 00000000
000001C8 009 01937000 00000000 00000000 00000000 0000000F 00000009 00000000 00000000 00000002 00000001 00000101 00000100 00000004 00000007 00000000 00000000 00000000
000001C9 00C 009A8000 00000000 00000018 00000000 0000000F 00000009 00000000 00000000 00000002 00000001 0000000D 00000100 00000004 00000007 00000000 00000000 00000000
000001CB 00C 009A8000 00000000 00000000 00000000 0000000F 00000009 00000000 00000000 00000002 00000001 0000000D 00000100 00000004 00000007 00000000 00000000 00000000
000001CC 00D 10B90000 00000000 00000000 00000000 0000000F 00000009 00000000 00000000 00000002 00000001 00000101 00000100 00000004 00000007 00000000 00000000 00000000
000001CD 00E 00991001 00000000 00000001 00000000 0000000F 00000009 00000000 00000000 00000002 00000001 00000101 00000100 00000007 00000007 00000000 00000000 00000000
000001CE 00F 10C90000 00000000 00000000 00000000 0000000F 00000009 00000000 00000000 00000002 00000001 00000102 00000100 00000007 00000007 00000000 00000000 00000000
000001CF 015 00881001 00000000 00000015 00000000 0000000F 00000009 00000000 00000000 00000002 00000001 00000102 00000100 00000007 00000008 00000000 00000000 00000000
000001D1 015 00881001 00000000 00000001 00000000 0000000F 00000009 00000000 00000000 00000002 00000001 00000102 00000100 00000007 00000008 00000000 00000000 00000000
000001D2 009 01937000 00000000 00000009 00000000 0000000F 00000009 00000000 00000000 00000002 00000002 00000102 00000100 00000007 00000008 00000000 00000000 00000000
000001D4 009 01937000 00000000 00000000 00000000 0000000F 00000009 00000000 00000000 00000002 00000002 00000102 00000100 00000007 00000008 00000000 00000000 00000000
000001D5 00C 009A8000 00000000 00000018 00000000 0000000F 00000009 00000000 00000000 00000002 00000002 0000000D 00000100 00000007 00000008 00000000 00000000 00000000
000001D7 00C 009A8000 00000000 00000000 00000000 0000000F 00000009 00000000 00000000 00000002 00000002 0000000D 00000100 00000007 00000008 00000000 00000000 00000000
000001D8 00D 10B90000 00000000 00000000 00000000 0000000F 00000009 00000000 00000000 00000002 00000002 00000102 00000100 00000007 00000008 00000000 00000000 00000000
000001D9 00E 00991001 00000000 00000001 00000000 0000000F 00000009 00000000 00000000 00000002 00000002 00000102 00000100 00000008 00000008 00000000 00000000 00000000
000001DA 00F 10C90000 00000000 00000000 00000000 0000000F 00000009 00000000 00000000 00000002 00000002 00000103 00000100 00000008 00000008 00000000 00000000 00000000
000001DB 012 11B90000 00000000 00000015 00000000 0000000F 00000009 00000000 00000000 00000002 00000002 00000103 00000100 00000008 00000001 00000000 00000000 00000000
000001DD 012 11B90000 00000000 00000000 00000000 0000000F 00000009 00000000 00000000 00000002 00000002 00000103 00000100 00000008 00000001 00000000 00000000 00000000
000001DE 013 01991001 00000000 00000001 00000000 0000000F 00000009 00000000 00000000 00000002 00000002 00000103 00000100 00000008 00000001 00000000 00000000 00000000
000001DF 014 11C90000 00000000 00000000 00000000 0000000F 00000009 00000000 00000000 00000002 00000002 00000102 00000100 00000008 00000001 00000000 00000000 00000000
000001E0 015 00881001 00000000 00000001 00000000 0000000F 00000009 00000000 00000000 00000002 00000002 00000102 00000100 00000008 00000001 00000000 00000000 00000000
000001E1 009 01937000 00000000 00000009 00000000 0000000F 00000009 00000000 00000000 00000002 00000003 00000102 00000100 00000008 00000001 00000000 00000000 00000000
000001E3 009 01937000 00000000 00000000 00000000 0000000F 00000009 00000000 00000000 00000002 00000003 00000102 00000100 00000008 00000001 00000000 00000000 00000000
000001E4 00C 009A8000 00000000 00000018 00000000 0000000F 00000009 00000000 00000000 00000002 00000003 0000000D 00000100 00000008 00000001 00000000 00000000 00000000
000001E6 00C 009A8000 00000000 00000000 00000000 0000000F 00000009 00000000 00000000 00000002 00000003 0000000D 00000100 00000008 00000001 00000000 00000000 00000000
000001E7 00D 10B90000 00000000 00000000 00000000 0000000F 00000009 00000000 00000000 00000002 00000003 00000103 00000100 00000008 00000001 00000000 00000000 00000000
000001E8 00E 00991001 00000000 00000001 00000000 0000000F 00000009 00000000 00000000 00000002 00000003 00000103 00000100 00000008 00000001 00000000 00000000 00000000
000001E9 00F 10C90000 00000000 00000000 00000000 0000000F 00000009 00000000 00000000 00000002 00000003 00000104 00000100 00000008 00000001 00000000 00000000 00000000
000001EA 012 11B90000 00000000 00000015 00000000 0000000F 00000009 00000000 00000000 00000002 00000003 00000104 00000100 00000008 00000006 00000000 00000000 00000000
000001EC 012 11B90000 00000000 00000000 00000000 0000000F 00000009 00000000 00000000 00000002 00000003 00000104 00000100 00000008 00000006 00000000 00000000 00000000
000001ED 013 01991001 00000000 00000001 00000000 0000000F 00000009 00000000 00000000 00000002 00000003 00000104 00000100 00000008 00000006 00000000 00000000 00000000
000001EE 014 11C90000 00000000 00000000 00000000 0000000F 00000009 00000000 00000000 00000002 00000003 00000103 00000100 00000008 00000006 00000000 00000000 00000000
000001EF 015 00881001 00000000 00000001 00000000 0000000F 00000009 00000000 00000000 00000002 00000003 00000103 00000100 00000008 00000006 00000000 00000000 00000000
000001F0 009 01937000 00000000 00000009 00000000 0000000F 00000009 00000000 00000000 00000002 00000004 00000103 00000100 00000008 00000006 00000000 00000000 00000000
000001F2 009 01937000 00000000 00000000 00000000 0000000F 00000009 00000000 00000000 00000002 00000004 00000103 00000100 00000008 00000006 00000000 00000000 00000000
000001F3 00C 009A8000 00000000 00000018 00000000 0000000F 00000009 00000000 00000000 00000002 00000004 0000000D 00000100 00000008 00000006 00000000 00000000 00000000
000001F5 00C 009A8000 00000000 00000000 00000000 0000000F 00000009 00000000 00000000 00000002 00000004 0000000D 00000100 00000008 00000006 00000000 00000000 00000000
000001F6 00D 10B90000 00000000 00000000 00000000 0000000F 00000009 00000000 00000000 00000002 00000004 00000104 00000100 00000008 00000006 00000000 00000000 00000000
000001F7 00E 00991001 00000000 00000001 00000000 0000000F 00000009 00000000 00000000 00000002 00000004 00000104 00000100 00000008 00000006 00000000 00000000 00000000
000001F8 00F 10C90000 00000000 00000000 00000000 0000000F 00000009 00000000 00000000 00000002 00000004 00000105 00000100 00000008 00000006 00000000 00000000 00000000
000001F9 012 11B90000 00000000 00000015 00000000 0000000F 00000009 00000000 00000000 00000002 00000004 00000105 00000100 00000008 00000002 00000000 00000000 00000000
000001FB 012 11B90000 00000000 00000000 00000000 0000000F 00000009 00000000 00000000 00000002 00000004 00000105 00000100 00000008 00000002 00000000 00000000 00000000
000001FC 013 01991001 00000000 00000001 00000000 0000000F 00000009 00000000 00000000 00000002 00000004 00000105 00000100 00000008 00000002 00000000 00000000 00000000
000001FD 014 11C90000 00000000 00000000 00000000 0000000F 00000009 00000000 00000000 00000002 00000004 00000104 00000100 00000008 00000002 00000000 00000000 00000000
000001FE 015 00881001 00000000 00000001 00000000 0000000F 00000009 00000000 00000000 00000002 00000004 00000104 00000100 00000008 00000002 00000000 00000000 00000000
000001FF 009 01937000 00000000 00000009 00000000 0000000F 00000009 00000000 00000000 00000002 00000005 00000104 00000100 00000008 00000002 00000000 00000000 00000000
00000201 009 01937000 00000000 00000000 00000000 0000000F 00000009 00000000 00000000 00000002 00000005 00000104 00000100 00000008 00000002 00000000 00000000 00000000
00000202 00C 009A8000 00000000 00000018 00000000 0000000F 00000009 00000000 00000000 00000002 00000005 0000000D 00000100 00000008 00000002 00000000 00000000 00000000
00000204 00C 009A8000 00000000 00000000 00000000 0000000F 00000009 00000000 00000000 00000002 00000005 0000000D 00000100 00000008 00000002 00000000 00000000 00000000
00000205 00D 10B90000 00000000 00000000 00000000 0000000F 00000009 00000000 00000000 00000002 00000005 00000105 00000100 00000008 00000002 00000000 00000000 00000000
00000206 00E 00991001 00000000 00000001 00000000 0000000F 00000009 00000000 00000000 00000002 00000005 00000105 00000100 00000008 00000002 00000000 00000000 00000000
00000207 00F 10C90000 00000000 00000000 00000000 0000000F 00000009 00000000 00000000 00000002 00000005 00000106 00000100 00000008 00000002 00000000 00000000 00000000
00000208 012 11B90000 00000000 00000015 00000000 0000000F 00000009 00000000 00000000 00000002 00000005 00000106 00000100 00000008 00000003 00000000 00000000 00000000
0000020A 012 11B90000 00000000 00000000 00000000 0000000F 00000009 00000000 00000000 00000002 00000005 00000106 00000100 00000008 00000003 00000000 00000000 00000000
0000020B 013 01991001 00000000 00000001 00000000 0000000F 00000009 00000000 00000000 00000002 00000005 00000106 00000100 00000008 00000003 00000000 00000000 00000000
0000020C 014 11C90000 00000000 00000000 00000000 0000000F 00000009 00000000 00000000 00000002 00000005 00000105 00000100 00000008 00000003 00000000 00000000 00000000
0000020D 015 00881001 00000000 00000001 00000000 0000000F 00000009 00000000 00000000 00000002 00000005 00000105 00000100 00000008 00000003 00000000 00000000 00000000
0000020E 009 01937000 00000000 00000009 00000000 0000000F 00000009 00000000 00000000 00000002 00000006 00000105 00000100 00000008 00000003 00000000 00000000 00000000
00000210 009 01937000 00000000 00000000 00000000 0000000F 00000009 00000000 00000000 00000002 00000006 00000105 00000100 00000008 00000003 00000000 00000000 00000000
00000211 00C 009A8000 00000000 00000018 00000000 0000000F 00000009 00000000 00000000 00000002 00000006 0000000D 00000100 00000008 00000003 00000000 00000000 00000000
00000213 00C 009A8000 00000000 00000000 00000000 0000000F 00000009 00000000 00000000 00000002 00000006 0000000D 00000100 00000008 00000003 00000000 00000000 00000000
00000214 00D 10B90000 00000000 00000000 00000000 0000000F 00000009 00000000 00000000 00000002 00000006 00000106 00000100 00000008 00000003 00000000 00000000 00000000
00000215 00E 00991001 00000000 00000001 00000000 0000000F 00000009 00000000 00000000 00000002 00000006 00000106 00000100 00000008 00000003 00000000 00000000 00000000
00000216 00F 10C90000 00000000 00000000 00000000 0000000F 00000009 00000000 00000000 00000002 00000006 00000107 00000100 00000008 00000003 00000000 00000000 00000000
00000217 012 11B90000 00000000 00000015 00000000 0000000F 00000009 00000000 00000000 00000002 00000006 00000107 00000100 00000008 00000008 00000000 00000000 00000000
00000219 012 11B90000 00000000 00000000 00000000 0000000F 00000009 00000000 00000000 00000002 00000006 00000107 00000100 00000008 00000008 00000000 00000000 00000000
0000021A 013 01991001 00000000 00000001 00000000 0000000F 00000009 00000000 00000000 00000002 00000006 00000107 00000100 00000008 00000008 00000000 00000000 00000000
0000021B 014 11C90000 00000000 00000000 00000000 0000000F 00000009 00000000 00000000 00000002 00000006 00000106 00000100 00000008 00000008 00000000 00000000 00000000
0000021C 015 00881001 00000000 00000001 00000000 0000000F 00000009 00000000 00000000 00000002 00000006 00000106 00000100 00000008 00000008 00000000 00000000 00000000
0000021D 009 01937000 00000000 00000009 00000000 0000000F 00000009 00000000 00000000 00000002 00000007 00000106 00000100 00000008 00000008 00000000 00000000 00000000
0000021F 009 01937000 00000000 00000000 00000000 0000000F 00000009 00000000 00000000 00000002 00000007 00000106 00000100 00000008 00000008 00000000 00000000 00000000
00000220 00C 009A8000 00000000 00000018 00000000 0000000F 00000009 00000000 00000000 00000002 00000007 0000000D 00000100 00000008 00000008 00000000 00000000 00000000
00000222 00C 009A8000 00000000 00000000 00000000 0000000F 00000009 00000000 00000000 00000002 00000007 0000000D 00000100 00000008 00000008 00000000 00000000 00000000
00000223 00D 10B90000 00000000 00000000 00000000 0000000F 00000009 00000000 00000000 00000002 00000007 00000107 00000100 00000008 00000008 00000000 00000000 00000000
00000224 00E 00991001 00000000 00000001 00000000 0000000F 00000009 00000000 00000000 00000002 00000007 00000107 00000100 00000008 00000008 00000000 00000000 00000000
00000225 00F 10C90000 00000000 00000000 00000000 0000000F 00000009 00000000 00000000 00000002 00000007 00000108 00000100 00000008 00000008 00000000 00000000 00000000
00000226 012 11B90000 00000000 00000015 00000000 0000000F 00000009 00000000 00000000 00000002 00000007 00000108 00000100 00000008 00000005 00000000 00000000 00000000
00000228 012 11B90000 00000000 00000000 00000000 0000000F 00000009 00000000 00000000 00000002 00000007 00000108 00000100 00000008 00000005 00000000 00000000 00000000
00000229 013 01991001 00000000 00000001 00000000 0000000F 00000009 00000000 00000000 00000002 00000007 00000108 00000100 00000008 00000005 00000000 00000000 00000000
0000022A 014 11C90000 00000000 00000000 00000000 0000000F 00000009 00000000 00000000 00000002 00000007 00000107 00000100 00000008 00000005 00000000 00000000 00000000
0000022B 015 00881001 00000000 00000001 00000000 0000000F 00000009 00000000 00000000 00000002 00000007 00000107 00000100 00000008 00000005 00000000 00000000 00000000
0000022C 009 01937000 00000000 00000009 00000000 0000000F 00000009 00000000 00000000 00000002 00000008 00000107 00000100 00000008 00000005 00000000 00000000 00000000
0000022E 009 01937000 00000000 00000000 00000000 0000000F 00000009 00000000 00000000 00000002 00000008 00000107 00000100 00000008 00000005 00000000 00000000 00000000
0000022F 00C 009A8000 00000000 00000018 00000000 0000000F 00000009 00000000 00000000 00000002 00000008 0000000D 00000100 00000008 00000005 00000000 00000000 00000000
00000231 00C 009A8000 00000000 00000000 00000000 0000000F 00000009 00000000 00000000 00000002 00000008 0000000D 00000100 00000008 00000005 00000000 00000000 00000000
00000232 00D 10B90000 00000000 00000000 00000000 0000000F 00000009 00000000 00000000 00000002 00000008 00000108 00000100 00000008 00000005 00000000 00000000 00000000
00000233 00E 00991001 00000000 00000001 00000000 0000000F 00000009 00000000 00000000 00000002 00000008 00000108 00000100 00000008 00000005 00000000 00000000 00000000
00000234 00F 10C90000 00000000 00000000 00000000 0000000F 00000009 00000000 00000000 00000002 00000008 00000109 00000100 00000008 00000005 00000000 00000000 00000000
00000235 012 11B90000 00000000 00000015 00000000 0000000F 00000009 00000000 00000000 00000002 00000008 00000109 00000100 00000008 00000004 00000000 00000000 00000000
00000237 012 11B90000 00000000 00000000 00000000 0000000F 00000009 00000000 00000000 00000002 00000008 00000109 00000100 00000008 00000004 00000000 00000000 00000000
00000238 013 01991001 00000000 00000001 00000000 0000000F 00000009 00000000 00000000 00000002 00000008 00000109 00000100 00000008 00000004 00000000 00000000 00000000
00000239 014 11C90000 00000000 00000000 00000000 0000000F 00000009 00000000 00000000 00000002 00000008 00000108 00000100 00000008 00000004 00000000 00000000 00000000
0000023A 015 00881001 00000000 00000001 00000000 0000000F 00000009 00000000 00000000 00000002 00000008 00000108 00000100 00000008 00000004 00000000 00000000 00000000
0000023B 009 01937000 00000000 00000009 00000000 0000000F 00000009 00000000 00000000 00000002 00000009 00000108 00000100 00000008 00000004 00000000 00000000 00000000
0000023D 009 01937000 00000000 00000000 00000000 0000000F 00000009 00000000 00000000 00000002 00000009 00000108 00000100 00000008 00000004 00000000 00000000 00000000
0000023E 00C 009A8000 00000000 00000018 00000000 0000000F 00000009 00000000 00000000 00000002 00000009 0000000D 00000100 00000008 00000004 00000000 00000000 00000000
00000240 00C 009A8000 00000000 00000000 00000000 0000000F 00000009 00000000 00000000 00000002 00000009 0000000D 00000100 00000008 00000004 00000000 00000000 00000000
00000241 00D 10B90000 00000000 00000000 00000000 0000000F 00000009 00000000 00000000 00000002 00000009 00000109 00000100 00000008 00000004 00000000 00000000 00000000
00000242 00E 00991001 00000000 00000001 00000000 0000000F 00000009 00000000 00000000 00000002 00000009 00000109 00000100 00000008 00000004 00000000 00000000 00000000
00000243 00F 10C90000 00000000 00000000 00000000 0000000F 00000009 00000000 00000000 00000002 00000009 0000010A 00000100 00000008 00000004 00000000 00000000 00000000
00000244 015 00881001 00000000 00000015 00000000 0000000F 00000009 00000000 00000000 00000002 00000009 0000010A 00000100 00000008 0000000B 00000000 00000000 00000000
00000246 015 00881001 00000000 00000001 00000000 0000000F 00000009 00000000 00000000 00000002 00000009 0000010A 00000100 00000008 0000000B 00000000 00000000 00000000
00000247 009 01937000 00000000 00000009 00000000 0000000F 00000009 00000000 00000000 00000002 0000000A 0000010A 00000100 00000008 0000000B 00000000 00000000 00000000
00000249 009 01937000 00000000 00000000 00000000 0000000F 00000009 00000000 00000000 00000002 0000000A 0000010A 00000100 00000008 0000000B 00000000 00000000 00000000
0000024A 00C 009A8000 00000000 00000018 00000000 0000000F 00000009 00000000 00000000 00000002 0000000A 0000000D 00000100 00000008 0000000B 00000000 00000000 00000000
0000024C 00C 009A8000 00000000 00000000 00000000 0000000F 00000009 00000000 00000000 00000002 0000000A 0000000D 00000100 00000008 0000000B 00000000 00000000 00000000
0000024D 00D 10B90000 00000000 00000000 00000000 0000000F 00000009 00000000 00000000 00000002 0000000A 0000010A 00000100 00000008 0000000B 00000000 00000000 00000000
0000024E 00E 00991001 00000000 00000001 00000000 0000000F 00000009 00000000 00000000 00000002 0000000A 0000010A 00000100 0000000B 0000000B 00000000 00000000 00000000
0000024F 00F 10C90000 00000000 00000000 00000000 0000000F 00000009 00000000 00000000 00000002 0000000A 0000010B 00000100 0000000B 0000000B 00000000 00000000 00000000
00000250 012 11B90000 00000000 00000015 00000000 0000000F 00000009 00000000 00000000 00000002 0000000A 0000010B 00000100 0000000B 00000009 00000000 00000000 00000000
00000252 012 11B90000 00000000 00000000 00000000 0000000F 00000009 00000000 00000000 00000002 0000000A 0000010B 00000100 0000000B 00000009 00000000 00000000 00000000
00000253 013 01991001 00000000 00000001 00000000 0000000F 00000009 00000000 00000000 00000002 0000000A 0000010B 00000100 0000000B 00000009 00000000 00000000 00000000
00000254 014 11C90000 00000000 00000000 00000000 0000000F 00000009 00000000 00000000 00000002 0000000A 0000010A 00000100 0000000B 00000009 00000000 00000000 00000000
00000255 015 00881001 00000000 00000001 00000000 0000000F 00000009 00000000 00000000 00000002 0000000A 0000010A 00000100 0000000B 00000009 00000000 00000000 00000000
00000256 009 01937000 00000000 00000009 00000000 0000000F 00000009 00000000 00000000 00000002 0000000B 0000010A 00000100 0000000B 00000009 00000000 00000000 00000000
00000258 009 01937000 00000000 00000000 00000000 0000000F 00000009 00000000 00000000 00000002 0000000B 0000010A 00000100 0000000B 00000009 00000000 00000000 00000000
00000259 00C 009A8000 00000000 00000018 00000000 0000000F 00000009 00000000 00000000 00000002 0000000B 0000000D 00000100 0000000B 00000009 00000000 00000000 00000000
0000025B 00C 009A8000 00000000 00000000 00000000 0000000F 00000009 00000000 00000000 00000002 0000000B 0000000D 00000100 0000000B 00000009 00000000 00000000 00000000
0000025C 00D 10B90000 00000000 00000000 00000000 0000000F 00000009 00000000 00000000 00000002 0000000B 0000010B 00000100 0000000B 00000009 00000000 00000000 00000000
0000025D 00E 00991001 00000000 00000001 00000000 0000000F 00000009 00000000 00000000 00000002 0000000B 0000010B 00000100 0000000B 00000009 00000000 00000000 00000000
0000025E 00F 10C90000 00000000 00000000 00000000 0000000F 00000009 00000000 00000000 00000002 0000000B 0000010C 00000100 0000000B 00000009 00000000 00000000 00000000
0000025F 015 00881001 00000000 00000015 00000000 0000000F 00000009 00000000 00000000 00000002 0000000B 0000010C 00000100 0000000B 00000010 00000000 00000000 00000000
00000261 015 00881001 00000000 00000001 00000000 0000000F 00000009 00000000 00000000 00000002 0000000B 0000010C 00000100 0000000B 00000010 00000000 00000000 00000000
00000262 009 01937000 00000000 00000009 00000000 0000000F 00000009 00000000 00000000 00000002 0000000C 0000010C 00000100 0000000B 00000010 00000000 00000000 00000000
00000264 009 01937000 00000000 00000000 00000000 0000000F 00000009 00000000 00000000 00000002 0000000C 0000010C 00000100 0000000B 00000010 00000000 00000000 00000000
00000265 00C 009A8000 00000000 00000018 00000000 0000000F 00000009 00000000 00000000 00000002 0000000C 0000000D 00000100 0000000B 00000010 00000000 00000000 00000000
00000267 00C 009A8000 00000000 00000000 00000000 0000000F 00000009 00000000 00000000 00000002 0000000C 0000000D 00000100 0000000B 00000010 00000000 00000000 00000000
00000268 00D 10B90000 00000000 00000000 00000000 0000000F 00000009 00000000 00000000 00000002 0000000C 0000010C 00000100 0000000B 00000010 00000000 00000000 00000000
00000269 00E 00991001 00000000 00000001 00000000 0000000F 00000009 00000000 00000000 00000002 0000000C 0000010C 00000100 00000010 00000010 00000000 00000000 00000000
0000026A 00F 10C90000 00000000 00000000 00000000 0000000F 00000009 00000000 00000000 00000002 0000000C 0000010D 00000100 00000010 00000010 00000000 00000000 00000000
0000026B 015 00881001 00000000 00000015 00000000 0000000F 00000009 00000000 00000000 00000002 0000000C 0000010D 00000100 00000010 00000014 00000000 00000000 00000000
0000026D 015 00881001 00000000 00000001 00000000 0000000F 00000009 00000000 00000000 00000002 0000000C 0000010D 00000100 00000010 00000014 00000000 00000000 00000000
0000026E 009 01937000 00000000 00000009 00000000 0000000F 00000009 00000000 00000000 00000002 0000000D 0000010D 00000100 00000010 00000014 00000000 00000000 00000000
00000270 009 01937000 00000000 00000000 00000000 0000000F 00000009 00000000 00000000 00000002 0000000D 0000010D 00000100 00000010 00000014 00000000 00000000 00000000
00000271 018 00771001 00000000 00000018 00000000 0000000F 00000009 00000000 00000000 00000002 0000000D 0000000D 00000100 00000010 00000014 00000000 00000000 00000000
00000273 018 00771001 00000000 00000001 00000000 0000000F 00000009 00000000 00000000 00000002 0000000D 0000000D 00000100 00000010 00000014 00000000 00000000 00000000
00000274 005 09173100 00000000 00000005 00000000 0000000F 00000009 00000000 00000000 00000003 0000000D 0000000D 00000100 00000010 00000014 00000000 00000000 00000000
00000276 007 00801000 00000000 0000001B 00000000 0000000F 00000009 00000000 00000000 00000003 0000000D 0000000D 00000100 00000010 00000014 00000000 00000000 00000000
00000278 007 00801000 00000000 00000000 00000000 0000000F 00000009 00000000 00000000 00000003 0000000D 0000000D 00000100 00000010 00000014 00000000 00000000 00000000
00000279 008 14740000 00000000 00000000 00000000 0000000F 00000009 00000000 00000000 00000003 00000000 0000000D 00000100 00000010 00000014 00000000 00000000 00000000
0000027A 009 01937000 00000000 00000000 00000000 0000000F 00000009 00000000 00000000 00000003 00000000 0000000D 00000100 00000010 00000014 00000000 00000000 00000000
0000027B 00C 009A8000 00000000 00000018 00000000 0000000F 00000009 00000000 00000000 00000003 00000000 0000000C 00000100 00000010 00000014 00000000 00000000 00000000
0000027D 00C 009A8000 00000000 00000000 00000000 0000000F 00000009 00000000 00000000 00000003 00000000 0000000C 00000100 00000010 00000014 00000000 00000000 00000000
0000027E 00D 10B90000 00000000 00000000 00000000 0000000F 00000009 00000000 00000000 00000003 00000000 00000100 00000100 00000010 00000014 00000000 00000000 00000000
0000027F 00E 00991001 00000000 00000001 00000000 0000000F 00000009 00000000 00000000 00000003 00000000 00000100 00000100 00000004 00000014 00000000 00000000 00000000
00000280 00F 10C90000 00000000 00000000 00000000 0000000F 00000009 00000000 00000000 00000003 00000000 00000101 00000100 00000004 00000014 00000000 00000000 00000000
00000281 015 00881001 00000000 00000015 00000000 0000000F 00000009 00000000 00000000 00000003 00000000 00000101 00000100 00000004 00000007 00000000 00000000 00000000
00000283 015 00881001 00000000 00000001 00000000 0000000F 00000009 00000000 00000000 00000003 00000000 00000101 00000100 00000004 00000007 00000000 00000000 00000000
00000284 009 01937000 00000000 00000009 00000000 0000000F 00000009 00000000 00000000 00000003 00000001 00000101 00000100 00000004 00000007 00000000 00000000 00000000
00000286 009 01937000 00000000 00000000 00000000 0000000F 00000009 00000000 00000000 00000003 00000001 00000101 00000100 00000004 00000007 00000000 00000000 00000000
00000287 00C 009A8000 00000000 00000018 00000000 0000000F 00000009 00000000 00000000 00000003 00000001 0000000C 00000100 00000004 00000007 00000000 00000000 00000000
00000289 00C 009A8000 00000000 00000000 00000000 0000000F 00000009 00000000 00000000 00000003 00000001 0000000C 00000100 00000004 00000007 00000000 00000000 00000000
0000028A 00D 10B90000 00000000 00000000 00000000 0000000F 00000009 00000000 00000000 00000003 00000001 00000101 00000100 00000004 00000007 00000000 00000000 00000000
0000028B 00E 00991001 00000000 00000001 00000000 0000000F 00000009 00000000 00000000 00000003 00000001 00000101 00000100 00000007 00000007 00000000 00000000 00000000
0000028C 00F 10C90000 00000000 00000000 00000000 0000000F 00000009 00000000 00000000 00000003 00000001 00000102 00000100 00000007 00000007 00000000 00000000 00000000
0000028D 012 11B90000 00000000 00000015 00000000 0000000F 00000009 00000000 00000000 00000003 00000001 00000102 00000100 00000007 00000001 00000000 00000000 00000000
0000028F 012 11B90000 00000000 00000000 00000000 0000000F 00000009 00000000 00000000 00000003 00000001 00000102 00000100 00000007 00000001 00000000 00000000 00000000
00000290 013 01991001 00000000 00000001 00000000 0000000F 00000009 00000000 00000000 00000003 00000001 00000102 00000100 00000007 00000001 00000000 00000000 00000000
00000291 014 11C90000 00000000 00000000 00000000 0000000F 00000009 00000000 00000000 00000003 00000001 00000101 00000100 00000007 00000001 00000000 00000000 00000000
00000292 015 00881001 00000000 00000001 00000000 0000000F 00000009 00000000 00000000 00000003 00000001 00000101 00000100 00000007 00000001 00000000 00000000 00000000
00000293 009 01937000 00000000 00000009 00000000 0000000F 00000009 00000000 00000000 00000003 00000002 00000101 00000100 00000007 00000001 00000000 00000000 00000000
00000295 009 01937000 00000000 00000000 00000000 0000000F 00000009 00000000 00000000 00000003 00000002 00000101 00000100 00000007 00000001 00000000 00000000 00000000
00000296 00C 009A8000 00000000 00000018 00000000 0000000F 00000009 00000000 00000000 00000003 00000002 0000000C 00000100 00000007 00000001 00000000 00000000 00000000
00000298 00C 009A8000 00000000 00000000 00000000 0000000F 00000009 00000000 00000000 00000003 00000002 0000000C 00000100 00000007 00000001 00000000 00000000 00000000
00000299 00D 10B90000 00000000 00000000 00000000 0000000F 00000009 00000000 00000000 00000003 00000002 00000102 00000100 00000007 00000001 00000000 00000000 00000000
0000029A 00E 00991001 00000000 00000001 00000000 0000000F 00000009 00000000 00000000 00000003 00000002 00000102 00000100 00000007 00000001 00000000 00000000 00000000
0000029B 00F 10C90000 00000000 00000000 00000000 0000000F 00000009 00000000 00000000 00000003 00000002 00000103 00000100 00000007 00000001 00000000 00000000 00000000
0000029C 012 11B90000 00000000 00000015 00000000 0000000F 00000009 00000000 00000000 00000003 00000002 00000103 00000100 00000007 00000006 00000000 00000000 00000000
0000029E 012 11B90000 00000000 00000000 00000000 0000000F 00000009 00000000 00000000 00000003 00000002 00000103 00000100 00000007 00000006 00000000 00000000 00000000
0000029F 013 01991001 00000000 00000001 00000000 0000000F 00000009 00000000 00000000 00000003 00000002 00000103 00000100 00000007 00000006 00000000 00000000 00000000
000002A0 014 11C90000 00000000 00000000 00000000 0000000F 00000009 00000000 00000000 00000003 00000002 00000102 00000100 00000007 00000006 00000000 00000000 00000000
000002A1 015 00881001 00000000 00000001 00000000 0000000F 00000009 00000000 00000000 00000003 00000002 00000102 00000100 00000007 00000006 00000000 00000000 00000000
000002A2 009 01937000 00000000 00000009 00000000 0000000F 00000009 00000000 00000000 00000003 00000003 00000102 00000100 00000007 00000006 00000000 00000000 00000000
000002A4 009 01937000 00000000 00000000 00000000 0000000F 00000009 00000000 00000000 00000003 00000003 00000102 00000100 00000007 00000006 00000000 00000000 00000000
000002A5 00C 009A8000 00000000 00000018 00000000 0000000F 00000009 00000000 00000000 00000003 00000003 0000000C 00000100 00000007 00000006 00000000 00000000 00000000
000002A7 00C 009A8000 00000000 00000000 00000000 0000000F 00000009 00000000 00000000 00000003 00000003 0000000C 00000100 00000007 00000006 00000000 00000000 00000000
000002A8 00D 10B90000 00000000 00000000 00000000 0000000F 00000009 00000000 00000000 00000003 00000003 00000103 00000100 00000007 00000006 00000000 00000000 00000000
000002A9 00E 00991001 00000000 00000001 00000000 0000000F 00000009 00000000 00000000 00000003 00000003 00000103 00000100 00000007 00000006 00000000 00000000 00000000
000002AA 00F 10C90000 00000000 00000000 00000000 0000000F 00000009 00000000 00000000 00000003 00000003 00000104 00000100 00000007 00000006 00000000 00000000 00000000
000002AB 012 11B90000 00000000 00000015 00000000 0000000F 00000009 00000000 00000000 00000003 00000003 00000104 00000100 00000007 00000002 00000000 00000000 00000000
000002AD 012 11B90000 00000000 00000000 00000000 0000000F 00000009 00000000 00000000 00000003 00000003 00000104 00000100 00000007 00000002 00000000 00000000 00000000
000002AE 013 01991001 00000000 00000001 00000000 0000000F 00000009 00000000 00000000 00000003 00000003 00000104 00000100 00000007 00000002 00000000 00000000 00000000
000002AF 014 11C90000 00000000 00000000 00000000 0000000F 00000009 00000000 00000000 00000003 00000003 00000103 00000100 00000007 00000002 00000000 00000000 00000000
000002B0 015 00881001 00000000 00000001 00000000 0000000F 00000009 00000000 00000000 00000003 00000003 00000103 00000100 00000007 00000002 00000000 00000000 00000000
000002B1 009 01937000 00000000 00000009 00000000 0000000F 00000009 00000000 00000000 00000003 00000004 00000103 00000100 00000007 00000002 00000000 00000000 00000000
000002B3 009 01937000 00000000 00000000 00000000 0000000F 00000009 00000000 00000000 00000003 00000004 00000103 00000100 00000007 00000002 00000000 00000000 00000000
000002B4 00C 009A8000 00000000 00000018 00000000 0000000F 00000009 00000000 00000000 00000003 00000004 0000000C 00000100 00000007 00000002 00000000 00000000 00000000
000002B6 00C 009A8000 00000000 00000000 00000000 0000000F 00000009 00000000 00000000 00000003 00000004 0000000C 00000100 00000007 00000002 00000000 00000000 00000000
000002B7 00D 10B90000 00000000 00000000 00000000 0000000F 00000009 00000000 00000000 00000003 00000004 00000104 00000100 00000007 00000002 00000000 00000000 00000000
000002B8 00E 00991001 00000000 00000001 00000000 0000000F 00000009 00000000 00000000 00000003 00000004 00000104 00000100 00000007 00000002 00000000 00000000 00000000
000002B9 00F 10C90000 00000000 00000000 00000000 0000000F 00000009 00000000 00000000 00000003 00000004 00000105 00000100 00000007 00000002 00000000 00000000 00000000
000002BA 012 11B90000 00000000 00000015 00000000 0000000F 00000009 00000000 00000000 00000003 00000004 00000105 00000100 00000007 00000003 00000000 00000000 00000000
000002BC 012 11B90000 00000000 00000000 00000000 0000000F 00000009 00000000 00000000 00000003 00000004 00000105 00000100 00000007 00000003 00000000 00000000 00000000
000002BD 013 01991001 00000000 00000001 00000000 0000000F 00000009 00000000 00000000 00000003 00000004 00000105 00000100 00000007 00000003 00000000 00000000 00000000
000002BE 014 11C90000 00000000 00000000 00000000 0000000F 00000009 00000000 00000000 00000003 00000004 00000104 00000100 00000007 00000003 00000000 00000000 00000000
000002BF 015 00881001 00000000 00000001 00000000 0000000F 00000009 00000000 00000000 00000003 00000004 00000104 00000100 00000007 00000003 00000000 00000000 00000000
000002C0 009 01937000 00000000 00000009 00000000 0000000F 00000009 00000000 00000000 00000003 00000005 00000104 00000100 00000007 00000003 00000000 00000000 00000000
000002C2 009 01937000 00000000 00000000 00000000 0000000F 00000009 00000000 00000000 00000003 00000005 00000104 00000100 00000007 00000003 00000000 00000000 00000000
000002C3 00C 009A8000 00000000 00000018 00000000 0000000F 00000009 00000000 00000000 00000003 00000005 0000000C 00000100 00000007 00000003 00000000 00000000 00000000
000002C5 00C 009A8000 00000000 00000000 00000000 0000000F 00000009 00000000 00000000 00000003 00000005 0000000C 00000100 00000007 00000003 00000000 00000000 00000000
000002C6 00D 10B90000 00000000 00000000 00000000 0000000F 00000009 00000000 00000000 00000003 00000005 00000105 00000100 00000007 00000003 00000000 00000000 00000000
000002C7 00E 00991001 00000000 00000001 00000000 0000000F 00000009 00000000 00000000 00000003 00000005 00000105 00000100 00000007 00000003 00000000 00000000 00000000
000002C8 00F 10C90000 00000000 00000000 00000000 0000000F 00000009 00000000 00000000 00000003 00000005 00000106 00000100 00000007 00000003 00000000 00000000 00000000
000002C9 015 00881001 00000000 00000015 00000000 0000000F 00000009 00000000 00000000 00000003 00000005 00000106 00000100 00000007 00000008 00000000 00000000 00000000
000002CB 015 00881001 00000000 00000001 00000000 0000000F 00000009 00000000 00000000 00000003 00000005 00000106 00000100 00000007 00000008 00000000 00000000 00000000
000002CC 009 01937000 00000000 00000009 00000000 0000000F 00000009 00000000 00000000 00000003 00000006 00000106 00000100 00000007 00000008 00000000 00000000 00000000
000002CE 009 01937000 00000000 00000000 00000000 0000000F 00000009 00000000 00000000 00000003 00000006 00000106 00000100 00000007 00000008 00000000 00000000 00000000
000002CF 00C 009A8000 00000000 00000018 00000000 0000000F 00000009 00000000 00000000 00000003 00000006 0000000C 00000100 00000007 00000008 00000000 00000000 00000000
000002D1 00C 009A8000 00000000 00000000 00000000 0000000F 00000009 00000000 00000000 00000003 00000006 0000000C 00000100 00000007 00000008 00000000 00000000 00000000
000002D2 00D 10B90000 00000000 00000000 00000000 0000000F 00000009 00000000 00000000 00000003 00000006 00000106 00000100 00000007 00000008 00000000 00000000 00000000
000002D3 00E 00991001 00000000 00000001 00000000 0000000F 00000009 00000000 00000000 00000003 00000006 00000106 00000100 00000008 00000008 00000000 00000000 00000000
000002D4 00F 10C90000 00000000 00000000 00000000 0000000F 00000009 00000000 00000000 00000003 00000006 00000107 00000100 00000008 00000008 00000000 00000000 00000000
000002D5 012 11B90000 00000000 00000015 00000000 0000000F 00000009 00000000 00000000 00000003 00000006 00000107 00000100 00000008 00000005 00000000 00000000 00000000
000002D7 012 11B90000 00000000 00000000 00000000 0000000F 00000009 00000000 00000000 00000003 00000006 00000107 00000100 00000008 00000005 00000000 00000000 00000000
000002D8 013 01991001 00000000 00000001 00000000 0000000F 00000009 00000000 00000000 00000003 00000006 00000107 00000100 00000008 00000005 00000000 00000000 00000000
000002D9 014 11C90000 00000000 00000000 00000000 0000000F 00000009 00000000 00000000 00000003 00000006 00000106 00000100 00000008 00000005 00000000 00000000 00000000
000002DA 015 00881001 00000000 00000001 00000000 0000000F 00000009 00000000 00000000 00000003 00000006 00000106 00000100 00000008 00000005 00000000 00000000 00000000
000002DB 009 01937000 00000000 00000009 00000000 0000000F 00000009 00000000 00000000 00000003 00000007 00000106 00000100 00000008 00000005 00000000 00000000 00000000
000002DD 009 01937000 00000000 00000000 00000000 0000000F 00000009 00000000 00000000 00000003 00000007 00000106 00000100 00000008 00000005 00000000 00000000 00000000
000002DE 00C 009A8000 00000000 00000018 00000000 0000000F 00000009 00000000 00000000 00000003 00000007 0000000C 00000100 00000008 00000005 00000000 00000000 00000000
000002E0 00C 009A8000 00000000 00000000 00000000 0000000F 00000009 00000000 00000000 00000003 00000007 0000000C 00000100 00000008 00000005 00000000 00000000 00000000
000002E1 00D 10B90000 00000000 00000000 00000000 0000000F 00000009 00000000 00000000 00000003 00000007 00000107 00000100 00000008 00000005 00000000 00000000 00000000
000002E2 00E 00991001 00000000 00000001 00000000 0000000F 00000009 00000000 00000000 00000003 00000007 00000107 00000100 00000008 00000005 00000000 00000000 00000000
000002E3 00F 10C90000 00000000 00000000 00000000 0000000F 00000009 00000000 00000000 00000003 00000007 00000108 00000100 00000008 00000005 00000000 00000000 00000000
000002E4 012 11B90000 00000000 00000015 00000000 0000000F 00000009 00000000 00000000 00000003 00000007 00000108 00000100 00000008 00000004 00000000 00000000 00000000
000002E6 012 11B90000 00000000 00000000 00000000 0000000F 00000009 00000000 00000000 00000003 00000007 00000108 00000100 00000008 00000004 00000000 00000000 00000000
000002E7 013 01991001 00000000 00000001 00000000 0000000F 00000009 00000000 00000000 00000003 00000007 00000108 00000100 00000008 00000004 00000000 00000000 00000000
000002E8 014 11C90000 00000000 00000000 00000000 0000000F 00000009 00000000 00000000 00000003 00000007 00000107 00000100 00000008 00000004 00000000 00000000 00000000
000002E9 015 00881001 00000000 00000001 00000000 0000000F 00000009 00000000 00000000 00000003 00000007 00000107 00000100 00000008 00000004 00000000 00000000 00000000
000002EA 009 01937000 00000000 00000009 00000000 0000000F 00000009 00000000 00000000 00000003 00000008 00000107 00000100 00000008 00000004 00000000 00000000 00000000
000002EC 009 01937000 00000000 00000000 00000000 0000000F 00000009 00000000 00000000 00000003 00000008 00000107 00000100 00000008 00000004 00000000 00000000 00000000
000002ED 00C 009A8000 00000000 00000018 00000000 0000000F 00000009 00000000 00000000 00000003 00000008 0000000C 00000100 00000008 00000004 00000000 00000000 00000000
000002EF 00C 009A8000 00000000 00000000 00000000 0000000F 00000009 00000000 00000000 00000003 00000008 0000000C 00000100 00000008 00000004 00000000 00000000 00000000
000002F0 00D 10B90000 00000000 00000000 00000000 0000000F 00000009 00000000 00000000 00000003 00000008 00000108 00000100 00000008 00000004 00000000 00000000 00000000
000002F1 00E 00991001 00000000 00000001 00000000 0000000F 00000009 00000000 00000000 00000003 00000008 00000108 00000100 00000008 00000004 00000000 00000000 00000000
000002F2 00F 10C90000 00000000 00000000 00000000 0000000F 00000009 00000000 00000000 00000003 00000008 00000109 00000100 00000008 00000004 00000000 00000000 00000000
000002F3 012 11B90000 00000000 00000015 00000000 0000000F 00000009 00000000 00000000 00000003 00000008 00000109 00000100 00000008 00000008 00000000 00000000 00000000
000002F5 012 11B90000 00000000 00000000 00000000 0000000F 00000009 00000000 00000000 00000003 00000008 00000109 00000100 00000008 00000008 00000000 00000000 00000000
000002F6 013 01991001 00000000 00000001 00000000 0000000F 00000009 00000000 00000000 00000003 00000008 00000109 00000100 00000008 00000008 00000000 00000000 00000000
000002F7 014 11C90000 00000000 00000000 00000000 0000000F 00000009 00000000 00000000 00000003 00000008 00000108 00000100 00000008 00000008 00000000 00000000 00000000
000002F8 015 00881001 00000000 00000001 00000000 0000000F 00000009 00000000 00000000 00000003 00000008 00000108 00000100 00000008 00000008 00000000 00000000 00000000
000002F9 009 01937000 00000000 00000009 00000000 0000000F 00000009 00000000 00000000 00000003 00000009 00000108 00000100 00000008 00000008 00000000 00000000 00000000
000002FB 009 01937000 00000000 00000000 00000000 0000000F 00000009 00000000 00000000 00000003 00000009 00000108 00000100 00000008 00000008 00000000 00000000 00000000
000002FC 00C 009A8000 00000000 00000018 00000000 0000000F 00000009 00000000 00000000 00000003 00000009 0000000C 00000100 00000008 00000008 00000000 00000000 00000000
000002FE 00C 009A8000 00000000 00000000 00000000 0000000F 00000009 00000000 00000000 00000003 00000009 0000000C 00000100 00000008 00000008 00000000 00000000 00000000
000002FF 00D 10B90000 00000000 00000000 00000000 0000000F 00000009 00000000 00000000 00000003 00000009 00000109 00000100 00000008 00000008 00000000 00000000 00000000
00000300 00E 00991001 00000000 00000001 00000000 0000000F 00000009 00000000 00000000 00000003 00000009 00000109 00000100 00000008 00000008 00000000 00000000 00000000
00000301 00F 10C90000 00000000 00000000 00000000 0000000F 00000009 00000000 00000000 00000003 00000009 0000010A 00000100 00000008 00000008 00000000 00000000 00000000
00000302 015 00881001 00000000 00000015 00000000 0000000F 00000009 00000000 00000000 00000003 00000009 0000010A 00000100 00000008 00000009 00000000 00000000 00000000
00000304 015 00881001 00000000 00000001 00000000 0000000F 00000009 00000000 00000000 00000003 00000009 0000010A 00000100 00000008 00000009 00000000 00000000 00000000
00000305 009 01937000 00000000 00000009 00000000 0000000F 00000009 00000000 00000000 00000003 0000000A 0000010A 00000100 00000008 00000009 00000000 00000000 00000000
00000307 009 01937000 00000000 00000000 00000000 0000000F 00000009 00000000 00000000 00000003 0000000A 0000010A 00000100 00000008 00000009 00000000 00000000 00000000
00000308 00C 009A8000 00000000 00000018 00000000 0000000F 00000009 00000000 00000000 00000003 0000000A 0000000C 00000100 00000008 00000009 00000000 00000000 00000000
0000030A 00C 009A8000 00000000 00000000 00000000 0000000F 00000009 00000000 00000000 00000003 0000000A 0000000C 00000100 00000008 00000009 00000000 00000000 00000000
0000030B 00D 10B90000 00000000 00000000 00000000 0000000F 00000009 00000000 00000000 00000003 0000000A 0000010A 00000100 00000008 00000009 00000000 00000000 00000000
0000030C 00E 00991001 00000000 00000001 00000000 0000000F 00000009 00000000 00000000 00000003 0000000A 0000010A 00000100 00000009 00000009 00000000 00000000 00000000
0000030D 00F 10C90000 00000000 00000000 00000000 0000000F 00000009 00000000 00000000 00000003 0000000A 0000010B 00000100 00000009 00000009 00000000 00000000 00000000
0000030E 015 00881001 00000000 00000015 00000000 0000000F 00000009 00000000 00000000 00000003 0000000A 0000010B 00000100 00000009 0000000B 00000000 00000000 00000000
00000310 015 00881001 00000000 00000001 00000000 0000000F 00000009 00000000 00000000 00000003 0000000A 0000010B 00000100 00000009 0000000B 00000000 00000000 00000000
00000311 009 01937000 00000000 00000009 00000000 0000000F 00000009 00000000 00000000 00000003 0000000B 0000010B 00000100 00000009 0000000B 00000000 00000000 00000000
00000313 009 01937000 00000000 00000000 00000000 0000000F 00000009 00000000 00000000 00000003 0000000B 0000010B 00000100 00000009 0000000B 00000000 00000000 00000000
00000314 00C 009A8000 00000000 00000018 00000000 0000000F 00000009 00000000 00000000 00000003 0000000B 0000000C 00000100 00000009 0000000B 00000000 00000000 00000000
00000316 00C 009A8000 00000000 00000000 00000000 0000000F 00000009 00000000 00000000 00000003 0000000B 0000000C 00000100 00000009 0000000B 00000000 00000000 00000000
00000317 00D 10B90000 00000000 00000000 00000000 0000000F 00000009 00000000 00000000 00000003 0000000B 0000010B 00000100 00000009 0000000B 00000000 00000000 00000000
00000318 00E 00991001 00000000 00000001 00000000 0000000F 00000009 00000000 00000000 00000003 0000000B 0000010B 00000100 0000000B 0000000B 00000000 00000000 00000000
00000319 00F 10C90000 00000000 00000000 00000000 0000000F 00000009 00000000 00000000 00000003 0000000B 0000010C 00000100 0000000B 0000000B 00000000 00000000 00000000
0000031A 015 00881001 00000000 00000015 00000000 0000000F 00000009 00000000 00000000 00000003 0000000B 0000010C 00000100 0000000B 00000010 00000000 00000000 00000000
0000031C 015 00881001 00000000 00000001 00000000 0000000F 00000009 00000000 00000000 00000003 0000000B 0000010C 00000100 0000000B 00000010 00000000 00000000 00000000
0000031D 009 01937000 00000000 00000009 00000000 0000000F 00000009 00000000 00000000 00000003 0000000C 0000010C 00000100 0000000B 00000010 00000000 00000000 00000000
0000031F 009 01937000 00000000 00000000 00000000 0000000F 00000009 00000000 00000000 00000003 0000000C 0000010C 00000100 0000000B 00000010 00000000 00000000 00000000
00000320 018 00771001 00000000 00000018 00000000 0000000F 00000009 00000000 00000000 00000003 0000000C 0000000C 00000100 0000000B 00000010 00000000 00000000 00000000
00000322 018 00771001 00000000 00000001 00000000 0000000F 00000009 00000000 00000000 00000003 0000000C 0000000C 00000100 0000000B 00000010 00000000 00000000 00000000
00000323 005 09173100 00000000 00000005 00000000 0000000F 00000009 00000000 00000000 00000004 0000000C 0000000C 00000100 0000000B 00000010 00000000 00000000 00000000
00000325 007 00801000 00000000 0000001B 00000000 0000000F 00000009 00000000 00000000 00000004 0000000C 0000000C 00000100 0000000B 00000010 00000000 00000000 00000000
00000327 007 00801000 00000000 00000000 00000000 0000000F 00000009 00000000 00000000 00000004 0000000C 0000000C 00000100 0000000B 00000010 00000000 00000000 00000000
00000328 008 14740000 00000000 00000000 00000000 0000000F 00000009 00000000 00000000 00000004 00000000 0000000C 00000100 0000000B 00000010 00000000 00000000 00000000
00000329 009 01937000 00000000 00000000 00000000 0000000F 00000009 00000000 00000000 00000004 00000000 0000000C 00000100 0000000B 00000010 00000000 00000000 00000000
0000032A 00C 009A8000 00000000 00000018 00000000 0000000F 00000009 00000000 00000000 00000004 00000000 0000000B 00000100 0000000B 00000010 00000000 00000000 00000000
0000032C 00C 009A8000 00000000 00000000 00000000 0000000F 00000009 00000000 00000000 00000004 00000000 0000000B 00000100 0000000B 00000010 00000000 00000000 00000000
0000032D 00D 10B90000 00000000 00000000 00000000 0000000F 00000009 00000000 00000000 00000004 00000000 00000100 00000100 0000000B 00000010 00000000 00000000 00000000
0000032E 00E 00991001 00000000 00000001 00000000 0000000F 00000009 00000000 00000000 00000004 00000000 00000100 00000100 00000004 00000010 00000000 00000000 00000000
0000032F 00F 10C90000 00000000 00000000 00000000 0000000F 00000009 00000000 00000000 00000004 00000000 00000101 00000100 00000004 00000010 00000000 00000000 00000000
00000330 012 11B90000 00000000 00000015 00000000 0000000F 00000009 00000000 00000000 00000004 00000000 00000101 00000100 00000004 00000001 00000000 00000000 00000000
00000332 012 11B90000 00000000 00000000 00000000 0000000F 00000009 00000000 00000000 00000004 00000000 00000101 00000100 00000004 00000001 00000000 00000000 00000000
00000333 013 01991001 00000000 00000001 00000000 0000000F 00000009 00000000 00000000 00000004 00000000 00000101 00000100 00000004 00000001 00000000 00000000 00000000
00000334 014 11C90000 00000000 00000000 00000000 0000000F 00000009 00000000 00000000 00000004 00000000 00000100 00000100 00000004 00000001 00000000 00000000 00000000
00000335 015 00881001 00000000 00000001 00000000 0000000F 00000009 00000000 00000000 00000004 00000000 00000100 00000100 00000004 00000001 00000000 00000000 00000000
00000336 009 01937000 00000000 00000009 00000000 0000000F 00000009 00000000 00000000 00000004 00000001 00000100 00000100 00000004 00000001 00000000 00000000 00000000
00000338 009 01937000 00000000 00000000 00000000 0000000F 00000009 00000000 00000000 00000004 00000001 00000100 00000100 00000004 00000001 00000000 00000000 00000000
00000339 00C 009A8000 00000000 00000018 00000000 0000000F 00000009 00000000 00000000 00000004 00000001 0000000B 00000100 00000004 00000001 00000000 00000000 00000000
0000033B 00C 009A8000 00000000 00000000 00000000 0000000F 00000009 00000000 00000000 00000004 00000001 0000000B 00000100 00000004 00000001 00000000 00000000 00000000
0000033C 00D 10B90000 00000000 00000000 00000000 0000000F 00000009 00000000 00000000 00000004 00000001 00000101 00000100 00000004 00000001 00000000 00000000 00000000
0000033D 00E 00991001 00000000 00000001 00000000 0000000F 00000009 00000000 00000000 00000004 00000001 00000101 00000100 00000004 00000001 00000000 00000000 00000000
0000033E 00F 10C90000 00000000 00000000 00000000 0000000F 00000009 00000000 00000000 00000004 00000001 00000102 00000100 00000004 00000001 00000000 00000000 00000000
0000033F 015 00881001 00000000 00000015 00000000 0000000F 00000009 00000000 00000000 00000004 00000001 00000102 00000100 00000004 00000006 00000000 00000000 00000000
00000341 015 00881001 00000000 00000001 00000000 0000000F 00000009 00000000 00000000 00000004 00000001 00000102 00000100 00000004 00000006 00000000 00000000 00000000
00000342 009 01937000 00000000 00000009 00000000 0000000F 00000009 00000000 00000000 00000004 00000002 00000102 00000100 00000004 00000006 00000000 00000000 00000000
00000344 009 01937000 00000000 00000000 00000000 0000000F 00000009 00000000 00000000 00000004 00000002 00000102 00000100 00000004 00000006 00000000 00000000 00000000
00000345 00C 009A8000 00000000 00000018 00000000 0000000F 00000009 00000000 00000000 00000004 00000002 0000000B 00000100 00000004 00000006 00000000 00000000 00000000
00000347 00C 009A8000 00000000 00000000 00000000 0000000F 00000009 00000000 00000000 00000004 00000002 0000000B 00000100 00000004 00000006 00000000 00000000 00000000
00000348 00D 10B90000 00000000 00000000 00000000 0000000F 00000009 00000000 00000000 00000004 00000002 00000102 00000100 00000004 00000006 00000000 00000000 00000000
00000349 00E 00991001 00000000 00000001 00000000 0000000F 00000009 00000000 00000000 00000004 00000002 00000102 00000100 00000006 00000006 00000000 00000000 00000000
0000034A 00F 10C90000 00000000 00000000 00000000 0000000F 00000009 00000000 00000000 00000004 00000002 00000103 00000100 00000006 00000006 00000000 00000000 00000000
0000034B 012 11B90000 00000000 00000015 00000000 0000000F 00000009 00000000 00000000 00000004 00000002 00000103 00000100 00000006 00000002 00000000 00000000 00000000
0000034D 012 11B90000 00000000 00000000 00000000 0000000F 00000009 00000000 00000000 00000004 00000002 00000103 00000100 00000006 00000002 00000000 00000000 00000000
0000034E 013 01991001 00000000 00000001 00000000 0000000F 00000009 00000000 00000000 00000004 00000002 00000103 00000100 00000006 00000002 00000000 00000000 00000000
0000034F 014 11C90000 00000000 00000000 00000000 0000000F 00000009 00000000 00000000 00000004 00000002 00000102 00000100 00000006 00000002 00000000 00000000 00000000
00000350 015 00881001 00000000 00000001 00000000 0000000F 00000009 00000000 00000000 00000004 00000002 00000102 00000100 00000006 00000002 00000000 00000000 00000000
00000351 009 01937000 00000000 00000009 00000000 0000000F 00000009 00000000 00000000 00000004 00000003 00000102 00000100 00000006 00000002 00000000 00000000 00000000
00000353 009 01937000 00000000 00000000 00000000 0000000F 00000009 00000000 00000000 00000004 00000003 00000102 00000100 00000006 00000002 00000000 00000000 00000000
00000354 00C 009A8000 00000000 00000018 00000000 0000000F 00000009 00000000 00000000 00000004 00000003 0000000B 00000100 00000006 00000002 00000000 00000000 00000000
00000356 00C 009A8000 00000000 00000000 00000000 0000000F 00000009 00000000 00000000 00000004 00000003 0000000B 00000100 00000006 00000002 00000000 00000000 00000000
00000357 00D 10B90000 00000000 00000000 00000000 0000000F 00000009 00000000 00000000 00000004 00000003 00000103 00000100 00000006 00000002 00000000 00000000 00000000
00000358 00E 00991001 00000000 00000001 00000000 0000000F 00000009 00000000 00000000 00000004 00000003 00000103 00000100 00000006 00000002 00000000 00000000 00000000
00000359 00F 10C90000 00000000 00000000 00000000 0000000F 00000009 00000000 00000000 00000004 00000003 00000104 00000100 00000006 00000002 00000000 00000000 00000000
0000035A 012 11B90000 00000000 00000015 00000000 0000000F 00000009 00000000 00000000 00000004 00000003 00000104 00000100 00000006 00000003 00000000 00000000 00000000
0000035C 012 11B90000 00000000 00000000 00000000 0000000F 00000009 00000000 00000000 00000004 00000003 00000104 00000100 00000006 00000003 00000000 00000000 00000000
0000035D 013 01991001 00000000 00000001 00000000 0000000F 00000009 00000000 00000000 00000004 00000003 00000104 00000100 00000006 00000003 00000000 00000000 00000000
0000035E 014 11C90000 00000000 00000000 00000000 0000000F 00000009 00000000 00000000 00000004 00000003 00000103 00000100 00000006 00000003 00000000 00000000 00000000
0000035F 015 00881001 00000000 00000001 00000000 0000000F 00000009 00000000 00000000 00000004 00000003 00000103 00000100 00000006 00000003 00000000 00000000 00000000
00000360 009 01937000 00000000 00000009 00000000 0000000F 00000009 00000000 00000000 00000004 00000004 00000103 00000100 00000006 00000003 00000000 00000000 00000000
00000362 009 01937000 00000000 00000000 00000000 0000000F 00000009 00000000 00000000 00000004 00000004 00000103 00000100 00000006 00000003 00000000 00000000 00000000
00000363 00C 009A8000 00000000 00000018 00000000 0000000F 00000009 00000000 00000000 00000004 00000004 0000000B 00000100 00000006 00000003 00000000 00000000 00000000
00000365 00C 009A8000 00000000 00000000 00000000 0000000F 00000009 00000000 00000000 00000004 00000004 0000000B 00000100 00000006 00000003 00000000 00000000 00000000
00000366 00D 10B90000 00000000 00000000 00000000 0000000F 00000009 00000000 00000000 00000004 00000004 00000104 00000100 00000006 00000003 00000000 00000000 00000000
00000367 00E 00991001 00000000 00000001 00000000 0000000F 00000009 00000000 00000000 00000004 00000004 00000104 00000100 00000006 00000003 00000000 00000000 00000000
00000368 00F 10C90000 00000000 00000000 00000000 0000000F 00000009 00000000 00000000 00000004 00000004 00000105 00000100 00000006 00000003 00000000 00000000 00000000
00000369 015 00881001 00000000 00000015 00000000 0000000F 00000009 00000000 00000000 00000004 00000004 00000105 00000100 00000006 00000007 00000000 00000000 00000000
0000036B 015 00881001 00000000 00000001 00000000 0000000F 00000009 00000000 00000000 00000004 00000004 00000105 00000100 00000006 00000007 00000000 00000000 00000000
0000036C 009 01937000 00000000 00000009 00000000 0000000F 00000009 00000000 00000000 00000004 00000005 00000105 00000100 00000006 00000007 00000000 00000000 00000000
0000036E 009 01937000 00000000 00000000 00000000 0000000F 00000009 00000000 00000000 00000004 00000005 00000105 00000100 00000006 00000007 00000000 00000000 00000000
0000036F 00C 009A8000 00000000 00000018 00000000 0000000F 00000009 00000000 00000000 00000004 00000005 0000000B 00000100 00000006 00000007 00000000 00000000 00000000
00000371 00C 009A8000 00000000 00000000 00000000 0000000F 00000009 00000000 00000000 00000004 00000005 0000000B 00000100 00000006 00000007 00000000 00000000 00000000
00000372 00D 10B90000 00000000 00000000 00000000 0000000F 00000009 00000000 00000000 00000004 00000005 00000105 00000100 00000006 00000007 00000000 00000000 00000000
00000373 00E 00991001 00000000 00000001 00000000 0000000F 00000009 00000000 00000000 00000004 00000005 00000105 00000100 00000007 00000007 00000000 00000000 00000000
00000374 00F 10C90000 00000000 00000000 00000000 0000000F 00000009 00000000 00000000 00000004 00000005 00000106 00000100 00000007 00000007 00000000 00000000 00000000
00000375 012 11B90000 00000000 00000015 00000000 0000000F 00000009 00000000 00000000 00000004 00000005 00000106 00000100 00000007 00000005 00000000 00000000 00000000
00000377 012 11B90000 00000000 00000000 00000000 0000000F 00000009 00000000 00000000 00000004 00000005 00000106 00000100 00000007 00000005 00000000 00000000 00000000
00000378 013 01991001 00000000 00000001 00000000 0000000F 00000009 00000000 00000000 00000004 00000005 00000106 00000100 00000007 00000005 00000000 00000000 00000000
00000379 014 11C90000 00000000 00000000 00000000 0000000F 00000009 00000000 00000000 00000004 00000005 00000105 00000100 00000007 00000005 00000000 00000000 00000000
0000037A 015 00881001 00000000 00000001 00000000 0000000F 00000009 00000000 00000000 00000004 00000005 00000105 00000100 00000007 00000005 00000000 00000000 00000000
0000037B 009 01937000 00000000 00000009 00000000 0000000F 00000009 00000000 00000000 00000004 00000006 00000105 00000100 00000007 00000005 00000000 00000000 00000000
0000037D 009 01937000 00000000 00000000 00000000 0000000F 00000009 00000000 00000000 00000004 00000006 00000105 00000100 00000007 00000005 00000000 00000000 00000000
0000037E 00C 009A8000 00000000 00000018 00000000 0000000F 00000009 00000000 00000000 00000004 00000006 0000000B 00000100 00000007 00000005 00000000 00000000 00000000
00000380 00C 009A8000 00000000 00000000 00000000 0000000F 00000009 00000000 00000000 00000004 00000006 0000000B 00000100 00000007 00000005 00000000 00000000 00000000
00000381 00D 10B90000 00000000 00000000 00000000 0000000F 00000009 00000000 00000000 00000004 00000006 00000106 00000100 00000007 00000005 00000000 00000000 00000000
00000382 00E 00991001 00000000 00000001 00000000 0000000F 00000009 00000000 00000000 00000004 00000006 00000106 00000100 00000007 00000005 00000000 00000000 00000000
00000383 00F 10C90000 00000000 00000000 00000000 0000000F 00000009 00000000 00000000 00000004 00000006 00000107 00000100 00000007 00000005 00000000 00000000 00000000
00000384 012 11B90000 00000000 00000015 00000000 0000000F 00000009 00000000 00000000 00000004 00000006 00000107 00000100 00000007 00000004 00000000 00000000 00000000
00000386 012 11B90000 00000000 00000000 00000000 0000000F 00000009 00000000 00000000 00000004 00000006 00000107 00000100 00000007 00000004 00000000 00000000 00000000
00000387 013 01991001 00000000 00000001 00000000 0000000F 00000009 00000000 00000000 00000004 00000006 00000107 00000100 00000007 00000004 00000000 00000000 00000000
00000388 014 11C90000 00000000 00000000 00000000 0000000F 00000009 00000000 00000000 00000004 00000006 00000106 00000100 00000007 00000004 00000000 00000000 00000000
00000389 015 00881001 00000000 00000001 00000000 0000000F 00000009 00000000 00000000 00000004 00000006 00000106 00000100 00000007 00000004 00000000 00000000 00000000
0000038A 009 01937000 00000000 00000009 00000000 0000000F 00000009 00000000 00000000 00000004 00000007 00000106 00000100 00000007 00000004 00000000 00000000 00000000
0000038C 009 01937000 00000000 00000000 00000000 0000000F 00000009 00000000 00000000 00000004 00000007 00000106 00000100 00000007 00000004 00000000 00000000 00000000
0000038D 00C 009A8000 00000000 00000018 00000000 0000000F 00000009 00000000 00000000 00000004 00000007 0000000B 00000100 00000007 00000004 00000000 00000000 00000000
0000038F 00C 009A8000 00000000 00000000 00000000 0000000F 00000009 00000000 00000000 00000004 00000007 0000000B 00000100 00000007 00000004 00000000 00000000 00000000
00000390 00D 10B90000 00000000 00000000 00000000 0000000F 00000009 00000000 00000000 00000004 00000007 00000107 00000100 00000007 00000004 00000000 00000000 00000000
00000391 00E 00991001 00000000 00000001 00000000 0000000F 00000009 00000000 00000000 00000004 00000007 00000107 00000100 00000007 00000004 00000000 00000000 00000000
00000392 00F 10C90000 00000000 00000000 00000000 0000000F 00000009 00000000 00000000 00000004 00000007 00000108 00000100 00000007 00000004 00000000 00000000 00000000
00000393 015 00881001 00000000 00000015 00000000 0000000F 00000009 00000000 00000000 00000004 00000007 00000108 00000100 00000007 00000008 00000000 00000000 00000000
00000395 015 00881001 00000000 00000001 00000000 0000000F 00000009 00000000 00000000 00000004 00000007 00000108 00000100 00000007 00000008 00000000 00000000 00000000
00000396 009 01937000 00000000 00000009 00000000 0000000F 00000009 00000000 00000000 00000004 00000008 00000108 00000100 00000007 00000008 00000000 00000000 00000000
00000398 009 01937000 00000000 00000000 00000000 0000000F 00000009 00000000 00000000 00000004 00000008 00000108 00000100 00000007 00000008 00000000 00000000 00000000
00000399 00C 009A8000 00000000 00000018 00000000 0000000F 00000009 00000000 00000000 00000004 00000008 0000000B 00000100 00000007 00000008 00000000 00000000 00000000
0000039B 00C 009A8000 00000000 00000000 00000000 0000000F 00000009 00000000 00000000 00000004 00000008 0000000B 00000100 00000007 00000008 00000000 00000000 00000000
0000039C 00D 10B90000 00000000 00000000 00000000 0000000F 00000009 00000000 00000000 00000004 00000008 00000108 00000100 00000007 00000008 00000000 00000000 00000000
0000039D 00E 00991001 00000000 00000001 00000000 0000000F 00000009 00000000 00000000 00000004 00000008 00000108 00000100 00000008 00000008 00000000 00000000 00000000
0000039E 00F 10C90000 00000000 00000000 00000000 0000000F 00000009 00000000 00000000 00000004 00000008 00000109 00000100 00000008 00000008 00000000 00000000 00000000
0000039F 012 11B90000 00000000 00000015 00000000 0000000F 00000009 00000000 00000000 00000004 00000008 00000109 00000100 00000008 00000008 00000000 00000000 00000000
000003A1 012 11B90000 00000000 00000000 00000000 0000000F 00000009 00000000 00000000 00000004 00000008 00000109 00000100 00000008 00000008 00000000 00000000 00000000
000003A2 013 01991001 00000000 00000001 00000000 0000000F 00000009 00000000 00000000 00000004 00000008 00000109 00000100 00000008 00000008 00000000 00000000 00000000
000003A3 014 11C90000 00000000 00000000 00000000 0000000F 00000009 00000000 00000000 00000004 00000008 00000108 00000100 00000008 00000008 00000000 00000000 00000000
000003A4 015 00881001 00000000 00000001 00000000 0000000F 00000009 00000000 00000000 00000004 00000008 00000108 00000100 00000008 00000008 00000000 00000000 00000000
000003A5 009 01937000 00000000 00000009 00000000 0000000F 00000009 00000000 00000000 00000004 00000009 00000108 00000100 00000008 00000008 00000000 00000000 00000000
000003A7 009 01937000 00000000 00000000 00000000 0000000F 00000009 00000000 00000000 00000004 00000009 00000108 00000100 00000008 00000008 00000000 00000000 00000000
000003A8 00C 009A8000 00000000 00000018 00000000 0000000F 00000009 00000000 00000000 00000004 00000009 0000000B 00000100 00000008 00000008 00000000 00000000 00000000
000003AA 00C 009A8000 00000000 00000000 00000000 0000000F 00000009 00000000 00000000 00000004 00000009 0000000B 00000100 00000008 00000008 00000000 00000000 00000000
000003AB 00D 10B90000 00000000 00000000 00000000 0000000F 00000009 00000000 00000000 00000004 00000009 00000109 00000100 00000008 00000008 00000000 00000000 00000000
000003AC 00E 00991001 00000000 00000001 00000000 0000000F 00000009 00000000 00000000 00000004 00000009 00000109 00000100 00000008 00000008 00000000 00000000 00000000
000003AD 00F 10C90000 00000000 00000000 00000000 0000000F 00000009 00000000 00000000 00000004 00000009 0000010A 00000100 00000008 00000008 00000000 00000000 00000000
000003AE 015 00881001 00000000 00000015 00000000 0000000F 00000009 00000000 00000000 00000004 00000009 0000010A 00000100 00000008 00000009 00000000 00000000 00000000
000003B0 015 00881001 00000000 00000001 00000000 0000000F 00000009 00000000 00000000 00000004 00000009 0000010A 00000100 00000008 00000009 00000000 00000000 00000000
000003B1 009 01937000 00000000 00000009 00000000 0000000F 00000009 00000000 00000000 00000004 0000000A 0000010A 00000100 00000008 00000009 00000000 00000000 00000000
000003B3 009 01937000 00000000 00000000 00000000 0000000F 00000009 00000000 00000000 00000004 0000000A 0000010A 00000100 00000008 00000009 00000000 00000000 00000000
000003B4 00C 009A8000 00000000 00000018 00000000 0000000F 00000009 00000000 00000000 00000004 0000000A 0000000B 00000100 00000008 00000009 00000000 00000000 00000000
000003B6 00C 009A8000 00000000 00000000 00000000 0000000F 00000009 00000000 00000000 00000004 0000000A 0000000B 00000100 00000008 00000009 00000000 00000000 00000000
000003B7 00D 10B90000 00000000 00000000 00000000 0000000F 00000009 00000000 00000000 00000004 0000000A 0000010A 00000100 00000008 00000009 00000000 00000000 00000000
000003B8 00E 00991001 00000000 00000001 00000000 0000000F 00000009 00000000 00000000 00000004 0000000A 0000010A 00000100 00000009 00000009 00000000 00000000 00000000
000003B9 00F 10C90000 00000000 00000000 00000000 0000000F 00000009 00000000 00000000 00000004 0000000A 0000010B 00000100 00000009 00000009 00000000 00000000 00000000
000003BA 015 00881001 00000000 00000015 00000000 0000000F 00000009 00000000 00000000 00000004 0000000A 0000010B 00000100 00000009 0000000B 00000000 00000000 00000000
000003BC 015 00881001 00000000 00000001 00000000 0000000F 00000009 00000000 00000000 00000004 0000000A 0000010B 00000100 00000009 0000000B 00000000 00000000 00000000
000003BD 009 01937000 00000000 00000009 00000000 0000000F 00000009 00000000 00000000 00000004 0000000B 0000010B 00000100 00000009 0000000B 00000000 00000000 00000000
000003BF 009 01937000 00000000 00000000 00000000 0000000F 00000009 00000000 00000000 00000004 0000000B 0000010B 00000100 00000009 0000000B 00000000 00000000 00000000
000003C0 018 00771001 00000000 00000018 00000000 0000000F 00000009 00000000 00000000 00000004 0000000B 0000000B 00000100 00000009 0000000B 00000000 00000000 00000000
000003C2 018 00771001 00000000 00000001 00000000 0000000F 00000009 00000000 00000000 00000004 0000000B 0000000B 00000100 00000009 0000000B 00000000 00000000 00000000
000003C3 005 09173100 00000000 00000005 00000000 0000000F 00000009 00000000 00000000 00000005 0000000B 0000000B 00000100 00000009 0000000B 00000000 00000000 00000000
000003C5 007 00801000 00000000 0000001B 00000000 0000000F 00000009 00000000 00000000 00000005 0000000B 0000000B 00000100 00000009 0000000B 00000000 00000000 00000000
000003C7 007 00801000 00000000 00000000 00000000 0000000F 00000009 00000000 00000000 00000005 0000000B 0000000B 00000100 00000009 0000000B 00000000 00000000 00000000
000003C8 008 14740000 00000000 00000000 00000000 0000000F 00000009 00000000 00000000 00000005 00000000 0000000B 00000100 00000009 0000000B 00000000 00000000 00000000
000003C9 009 01937000 00000000 00000000 00000000 0000000F 00000009 00000000 00000000 00000005 00000000 0000000B 00000100 00000009 0000000B 00000000 00000000 00000000
000003CA 00C 009A8000 00000000 00000018 00000000 0000000F 00000009 00000000 00000000 00000005 00000000 0000000A 00000100 00000009 0000000B 00000000 00000000 00000000
000003CC 00C 009A8000 00000000 00000000 00000000 0000000F 00000009 00000000 00000000 00000005 00000000 0000000A 00000100 00000009 0000000B 00000000 00000000 00000000
000003CD 00D 10B90000 00000000 00000000 00000000 0000000F 00000009 00000000 00000000 00000005 00000000 00000100 00000100 00000009 0000000B 00000000 00000000 00000000
000003CE 00E 00991001 00000000 00000001 00000000 0000000F 00000009 00000000 00000000 00000005 00000000 00000100 00000100 00000001 0000000B 00000000 00000000 00000000
000003CF 00F 10C90000 00000000 00000000 00000000 0000000F 00000009 00000000 00000000 00000005 00000000 00000101 00000100 00000001 0000000B 00000000 00000000 00000000
000003D0 015 00881001 00000000 00000015 00000000 0000000F 00000009 00000000 00000000 00000005 00000000 00000101 00000100 00000001 00000004 00000000 00000000 00000000
000003D2 015 00881001 00000000 00000001 00000000 0000000F 00000009 00000000 00000000 00000005 00000000 00000101 00000100 00000001 00000004 00000000 00000000 00000000
000003D3 009 01937000 00000000 00000009 00000000 0000000F 00000009 00000000 00000000 00000005 00000001 00000101 00000100 00000001 00000004 00000000 00000000 00000000
000003D5 009 01937000 00000000 00000000 00000000 0000000F 00000009 00000000 00000000 00000005 00000001 00000101 00000100 00000001 00000004 00000000 00000000 00000000
000003D6 00C 009A8000 00000000 00000018 00000000 0000000F 00000009 00000000 00000000 00000005 00000001 0000000A 00000100 00000001 00000004 00000000 00000000 00000000
000003D8 00C 009A8000 00000000 00000000 00000000 0000000F 00000009 00000000 00000000 00000005 00000001 0000000A 00000100 00000001 00000004 00000000 00000000 00000000
000003D9 00D 10B90000 00000000 00000000 00000000 0000000F 00000009 00000000 00000000 00000005 00000001 00000101 00000100 00000001 00000004 00000000 00000000 00000000
000003DA 00E 00991001 00000000 00000001 00000000 0000000F 00000009 00000000 00000000 00000005 00000001 00000101 00000100 00000004 00000004 00000000 00000000 00000000
000003DB 00F 10C90000 00000000 00000000 00000000 0000000F 00000009 00000000 00000000 00000005 00000001 00000102 00000100 00000004 00000004 00000000 00000000 00000000
000003DC 012 11B90000 00000000 00000015 00000000 0000000F 00000009 00000000 00000000 00000005 00000001 00000102 00000100 00000004 00000002 00000000 00000000 00000000
000003DE 012 11B90000 00000000 00000000 00000000 0000000F 00000009 00000000 00000000 00000005 00000001 00000102 00000100 00000004 00000002 00000000 00000000 00000000
000003DF 013 01991001 00000000 00000001 00000000 0000000F 00000009 00000000 00000000 00000005 00000001 00000102 00000100 00000004 00000002 00000000 00000000 00000000
000003E0 014 11C90000 00000000 00000000 00000000 0000000F 00000009 00000000 00000000 00000005 00000001 00000101 00000100 00000004 00000002 00000000 00000000 00000000
000003E1 015 00881001 00000000 00000001 00000000 0000000F 00000009 00000000 00000000 00000005 00000001 00000101 00000100 00000004 00000002 00000000 00000000 00000000
000003E2 009 01937000 00000000 00000009 00000000 0000000F 00000009 00000000 00000000 00000005 00000002 00000101 00000100 00000004 00000002 00000000 00000000 00000000
000003E4 009 01937000 00000000 00000000 00000000 0000000F 00000009 00000000 00000000 00000005 00000002 00000101 00000100 00000004 00000002 00000000 00000000 00000000
000003E5 00C 009A8000 00000000 00000018 00000000 0000000F 00000009 00000000 00000000 00000005 00000002 0000000A 00000100 00000004 00000002 00000000 00000000 00000000
000003E7 00C 009A8000 00000000 00000000 00000000 0000000F 00000009 00000000 00000000 00000005 00000002 0000000A 00000100 00000004 00000002 00000000 00000000 00000000
000003E8 00D 10B90000 00000000 00000000 00000000 0000000F 00000009 00000000 00000000 00000005 00000002 00000102 00000100 00000004 00000002 00000000 00000000 00000000
000003E9 00E 00991001 00000000 00000001 00000000 0000000F 00000009 00000000 00000000 00000005 00000002 00000102 00000100 00000004 00000002 00000000 00000000 00000000
000003EA 00F 10C90000 00000000 00000000 00000000 0000000F 00000009 00000000 00000000 00000005 00000002 00000103 00000100 00000004 00000002 00000000 00000000 00000000
000003EB 012 11B90000 00000000 00000015 00000000 0000000F 00000009 00000000 00000000 00000005 00000002 00000103 00000100 00000004 00000003 00000000 00000000 00000000
000003ED 012 11B90000 00000000 00000000 00000000 0000000F 00000009 00000000 00000000 00000005 00000002 00000103 00000100 00000004 00000003 00000000 00000000 00000000
000003EE 013 01991001 00000000 00000001 00000000 0000000F 00000009 00000000 00000000 00000005 00000002 00000103 00000100 00000004 00000003 00000000 00000000 00000000
000003EF 014 11C90000 00000000 00000000 00000000 0000000F 00000009 00000000 00000000 00000005 00000002 00000102 00000100 00000004 00000003 00000000 00000000 00000000
000003F0 015 00881001 00000000 00000001 00000000 0000000F 00000009 00000000 00000000 00000005 00000002 00000102 00000100 00000004 00000003 00000000 00000000 00000000
000003F1 009 01937000 00000000 00000009 00000000 0000000F 00000009 00000000 00000000 00000005 00000003 00000102 00000100 00000004 00000003 00000000 00000000 00000000
000003F3 009 01937000 00000000 00000000 00000000 0000000F 00000009 00000000 00000000 00000005 00000003 00000102 00000100 00000004 00000003 00000000 00000000 00000000
000003F4 00C 009A8000 00000000 00000018 00000000 0000000F 00000009 00000000 00000000 00000005 00000003 0000000A 00000100 00000004 00000003 00000000 00000000 00000000
000003F6 00C 009A8000 00000000 00000000 00000000 0000000F 00000009 00000000 00000000 00000005 00000003 0000000A 00000100 00000004 00000003 00000000 00000000 00000000
000003F7 00D 10B90000 00000000 00000000 00000000 0000000F 00000009 00000000 00000000 00000005 00000003 00000103 00000100 00000004 00000003 00000000 00000000 00000000
000003F8 00E 00991001 00000000 00000001 00000000 0000000F 00000009 00000000 00000000 00000005 00000003 00000103 00000100 00000004 00000003 00000000 00000000 00000000
000003F9 00F 10C90000 00000000 00000000 00000000 0000000F 00000009 00000000 00000000 00000005 00000003 00000104 00000100 00000004 00000003 00000000 00000000 00000000
000003FA 015 00881001 00000000 00000015 00000000 0000000F 00000009 00000000 00000000 00000005 00000003 00000104 00000100 00000004 00000006 00000000 00000000 00000000
000003FC 015 00881001 00000000 00000001 00000000 0000000F 00000009 00000000 00000000 00000005 00000003 00000104 00000100 00000004 00000006 00000000 00000000 00000000
000003FD 009 01937000 00000000 00000009 00000000 0000000F 00000009 00000000 00000000 00000005 00000004 00000104 00000100 00000004 00000006 00000000 00000000 00000000
000003FF 009 01937000 00000000 00000000 00000000 0000000F 00000009 00000000 00000000 00000005 00000004 00000104 00000100 00000004 00000006 00000000 00000000 00000000
00000400 00C 009A8000 00000000 00000018 00000000 0000000F 00000009 00000000 00000000 00000005 00000004 0000000A 00000100 00000004 00000006 00000000 00000000 00000000
00000402 00C 009A8000 00000000 00000000 00000000 0000000F 00000009 00000000 00000000 00000005 00000004 0000000A 00000100 00000004 00000006 00000000 00000000 00000000
00000403 00D 10B90000 00000000 00000000 00000000 0000000F 00000009 00000000 00000000 00000005 00000004 00000104 00000100 00000004 00000006 00000000 00000000 00000000
00000404 00E 00991001 00000000 00000001 00000000 0000000F 00000009 00000000 00000000 00000005 00000004 00000104 00000100 00000006 00000006 00000000 00000000 00000000
00000405 00F 10C90000 00000000 00000000 00000000 0000000F 00000009 00000000 00000000 00000005 00000004 00000105 00000100 00000006 00000006 00000000 00000000 00000000
00000406 012 11B90000 00000000 00000015 00000000 0000000F 00000009 00000000 00000000 00000005 00000004 00000105 00000100 00000006 00000005 00000000 00000000 00000000
00000408 012 11B90000 00000000 00000000 00000000 0000000F 00000009 00000000 00000000 00000005 00000004 00000105 00000100 00000006 00000005 00000000 00000000 00000000
00000409 013 01991001 00000000 00000001 00000000 0000000F 00000009 00000000 00000000 00000005 00000004 00000105 00000100 00000006 00000005 00000000 00000000 00000000
0000040A 014 11C90000 00000000 00000000 00000000 0000000F 00000009 00000000 00000000 00000005 00000004 00000104 00000100 00000006 00000005 00000000 00000000 00000000
0000040B 015 00881001 00000000 00000001 00000000 0000000F 00000009 00000000 00000000 00000005 00000004 00000104 00000100 00000006 00000005 00000000 00000000 00000000
0000040C 009 01937000 00000000 00000009 00000000 0000000F 00000009 00000000 00000000 00000005 00000005 00000104 00000100 00000006 00000005 00000000 00000000 00000000
0000040E 009 01937000 00000000 00000000 00000000 0000000F 00000009 00000000 00000000 00000005 00000005 00000104 00000100 00000006 00000005 00000000 00000000 00000000
0000040F 00C 009A8000 00000000 00000018 00000000 0000000F 00000009 00000000 00000000 00000005 00000005 0000000A 00000100 00000006 00000005 00000000 00000000 00000000
00000411 00C 009A8000 00000000 00000000 00000000 0000000F 00000009 00000000 00000000 00000005 00000005 0000000A 00000100 00000006 00000005 00000000 00000000 00000000
00000412 00D 10B90000 00000000 00000000 00000000 0000000F 00000009 00000000 00000000 00000005 00000005 00000105 00000100 00000006 00000005 00000000 00000000 00000000
00000413 00E 00991001 00000000 00000001 00000000 0000000F 00000009 00000000 00000000 00000005 00000005 00000105 00000100 00000006 00000005 00000000 00000000 00000000
00000414 00F 10C90000 00000000 00000000 00000000 0000000F 00000009 00000000 00000000 00000005 00000005 00000106 00000100 00000006 00000005 00000000 00000000 00000000
00000415 012 11B90000 00000000 00000015 00000000 0000000F 00000009 00000000 00000000 00000005 00000005 00000106 00000100 00000006 00000004 00000000 00000000 00000000
00000417 012 11B90000 00000000 00000000 00000000 0000000F 00000009 00000000 00000000 00000005 00000005 00000106 00000100 00000006 00000004 00000000 00000000 00000000
00000418 013 01991001 00000000 00000001 00000000 0000000F 00000009 00000000 00000000 00000005 00000005 00000106 00000100 00000006 00000004 00000000 00000000 00000000
00000419 014 11C90000 00000000 00000000 00000000 0000000F 00000009 00000000 00000000 00000005 00000005 00000105 00000100 00000006 00000004 00000000 00000000 00000000
0000041A 015 00881001 00000000 00000001 00000000 0000000F 00000009 00000000 00000000 00000005 00000005 00000105 00000100 00000006 00000004 00000000 00000000 00000000
0000041B 009 01937000 00000000 00000009 00000000 0000000F 00000009 00000000 00000000 00000005 00000006 00000105 00000100 00000006 00000004 00000000 00000000 00000000
0000041D 009 01937000 00000000 00000000 00000000 0000000F 00000009 00000000 00000000 00000005 00000006 00000105 00000100 00000006 00000004 00000000 00000000 00000000
0000041E 00C 009A8000 00000000 00000018 00000000 0000000F 00000009 00000000 00000000 00000005 00000006 0000000A 00000100 00000006 00000004 00000000 00000000 00000000
00000420 00C 009A8000 00000000 00000000 00000000 0000000F 00000009 00000000 00000000 00000005 00000006 0000000A 00000100 00000006 00000004 00000000 00000000 00000000
00000421 00D 10B90000 00000000 00000000 00000000 0000000F 00000009 00000000 00000000 00000005 00000006 00000106 00000100 00000006 00000004 00000000 00000000 00000000
00000422 00E 00991001 00000000 00000001 00000000 0000000F 00000009 00000000 00000000 00000005 00000006 00000106 00000100 00000006 00000004 00000000 00000000 00000000
00000423 00F 10C90000 00000000 00000000 00000000 0000000F 00000009 00000000 00000000 00000005 00000006 00000107 00000100 00000006 00000004 00000000 00000000 00000000
00000424 015 00881001 00000000 00000015 00000000 0000000F 00000009 00000000 00000000 00000005 00000006 00000107 00000100 00000006 00000007 00000000 00000000 00000000
00000426 015 00881001 00000000 00000001 00000000 0000000F 00000009 00000000 00000000 00000005 00000006 00000107 00000100 00000006 00000007 00000000 00000000 00000000
00000427 009 01937000 00000000 00000009 00000000 0000000F 00000009 00000000 00000000 00000005 00000007 00000107 00000100 00000006 00000007 00000000 00000000 00000000
00000429 009 01937000 00000000 00000000 00000000 0000000F 00000009 00000000 00000000 00000005 00000007 00000107 00000100 00000006 00000007 00000000 00000000 00000000
0000042A 00C 009A8000 00000000 00000018 00000000 0000000F 00000009 00000000 00000000 00000005 00000007 0000000A 00000100 00000006 00000007 00000000 00000000 00000000
0000042C 00C 009A8000 00000000 00000000 00000000 0000000F 00000009 00000000 00000000 00000005 00000007 0000000A 00000100 00000006 00000007 00000000 00000000 00000000
0000042D 00D 10B90000 00000000 00000000 00000000 0000000F 00000009 00000000 00000000 00000005 00000007 00000107 00000100 00000006 00000007 00000000 00000000 00000000
0000042E 00E 00991001 00000000 00000001 00000000 0000000F 00000009 00000000 00000000 00000005 00000007 00000107 00000100 00000007 00000007 00000000 00000000 00000000
0000042F 00F 10C90000 00000000 00000000 00000000 0000000F 00000009 00000000 00000000 00000005 00000007 00000108 00000100 00000007 00000007 00000000 00000000 00000000
00000430 015 00881001 00000000 00000015 00000000 0000000F 00000009 00000000 00000000 00000005 00000007 00000108 00000100 00000007 00000008 00000000 00000000 00000000
00000432 015 00881001 00000000 00000001 00000000 0000000F 00000009 00000000 00000000 00000005 00000007 00000108 00000100 00000007 00000008 00000000 00000000 00000000
00000433 009 01937000 00000000 00000009 00000000 0000000F 00000009 00000000 00000000 00000005 00000008 00000108 00000100 00000007 00000008 00000000 00000000 00000000
00000435 009 01937000 00000000 00000000 00000000 0000000F 00000009 00000000 00000000 00000005 00000008 00000108 00000100 00000007 00000008 00000000 00000000 00000000
00000436 00C 009A8000 00000000 00000018 00000000 0000000F 00000009 00000000 00000000 00000005 00000008 0000000A 00000100 00000007 00000008 00000000 00000000 00000000
00000438 00C 009A8000 00000000 00000000 00000000 0000000F 00000009 00000000 00000000 00000005 00000008 0000000A 00000100 00000007 00000008 00000000 00000000 00000000
00000439 00D 10B90000 00000000 00000000 00000000 0000000F 00000009 00000000 00000000 00000005 00000008 00000108 00000100 00000007 00000008 00000000 00000000 00000000
0000043A 00E 00991001 00000000 00000001 00000000 0000000F 00000009 00000000 00000000 00000005 00000008 00000108 00000100 00000008 00000008 00000000 00000000 00000000
0000043B 00F 10C90000 00000000 00000000 00000000 0000000F 00000009 00000000 00000000 00000005 00000008 00000109 00000100 00000008 00000008 00000000 00000000 00000000
0000043C 012 11B90000 00000000 00000015 00000000 0000000F 00000009 00000000 00000000 00000005 00000008 00000109 00000100 00000008 00000008 00000000 00000000 00000000
0000043E 012 11B90000 00000000 00000000 00000000 0000000F 00000009 00000000 00000000 00000005 00000008 00000109 00000100 00000008 00000008 00000000 00000000 00000000
0000043F 013 01991001 00000000 00000001 00000000 0000000F 00000009 00000000 00000000 00000005 00000008 00000109 00000100 00000008 00000008 00000000 00000000 00000000
00000440 014 11C90000 00000000 00000000 00000000 0000000F 00000009 00000000 00000000 00000005 00000008 00000108 00000100 00000008 00000008 00000000 00000000 00000000
00000441 015 00881001 00000000 00000001 00000000 0000000F 00000009 00000000 00000000 00000005 00000008 00000108 00000100 00000008 00000008 00000000 00000000 00000000
00000442 009 01937000 00000000 00000009 00000000 0000000F 00000009 00000000 00000000 00000005 00000009 00000108 00000100 00000008 00000008 00000000 00000000 00000000
00000444 009 01937000 00000000 00000000 00000000 0000000F 00000009 00000000 00000000 00000005 00000009 00000108 00000100 00000008 00000008 00000000 00000000 00000000
00000445 00C 009A8000 00000000 00000018 00000000 0000000F 00000009 00000000 00000000 00000005 00000009 0000000A 00000100 00000008 00000008 00000000 00000000 00000000
00000447 00C 009A8000 00000000 00000000 00000000 0000000F 00000009 00000000 00000000 00000005 00000009 0000000A 00000100 00000008 00000008 00000000 00000000 00000000
00000448 00D 10B90000 00000000 00000000 00000000 0000000F 00000009 00000000 00000000 00000005 00000009 00000109 00000100 00000008 00000008 00000000 00000000 00000000
00000449 00E 00991001 00000000 00000001 00000000 0000000F 00000009 00000000 00000000 00000005 00000009 00000109 00000100 00000008 00000008 00000000 00000000 00000000
0000044A 00F 10C90000 00000000 00000000 00000000 0000000F 00000009 00000000 00000000 00000005 00000009 0000010A 00000100 00000008 00000008 00000000 00000000 00000000
0000044B 015 00881001 00000000 00000015 00000000 0000000F 00000009 00000000 00000000 00000005 00000009 0000010A 00000100 00000008 00000009 00000000 00000000 00000000
0000044D 015 00881001 00000000 00000001 00000000 0000000F 00000009 00000000 00000000 00000005 00000009 0000010A 00000100 00000008 00000009 00000000 00000000 00000000
0000044E 009 01937000 00000000 00000009 00000000 0000000F 00000009 00000000 00000000 00000005 0000000A 0000010A 00000100 00000008 00000009 00000000 00000000 00000000
00000450 009 01937000 00000000 00000000 00000000 0000000F 00000009 00000000 00000000 00000005 0000000A 0000010A 00000100 00000008 00000009 00000000 00000000 00000000
00000451 018 00771001 00000000 00000018 00000000 0000000F 00000009 00000000 00000000 00000005 0000000A 0000000A 00000100 00000008 00000009 00000000 00000000 00000000
00000453 018 00771001 00000000 00000001 00000000 0000000F 00000009 00000000 00000000 00000005 0000000A 0000000A 00000100 00000008 00000009 00000000 00000000 00000000
00000454 005 09173100 00000000 00000005 00000000 0000000F 00000009 00000000 00000000 00000006 0000000A 0000000A 00000100 00000008 00000009 00000000 00000000 00000000
00000456 007 00801000 00000000 0000001B 00000000 0000000F 00000009 00000000 00000000 00000006 0000000A 0000000A 00000100 00000008 00000009 00000000 00000000 00000000
00000458 007 00801000 00000000 00000000 00000000 0000000F 00000009 00000000 00000000 00000006 0000000A 0000000A 00000100 00000008 00000009 00000000 00000000 00000000
00000459 008 14740000 00000000 00000000 00000000 0000000F 00000009 00000000 00000000 00000006 00000000 0000000A 00000100 00000008 00000009 00000000 00000000 00000000
0000045A 009 01937000 00000000 00000000 00000000 0000000F 00000009 00000000 00000000 00000006 00000000 0000000A 00000100 00000008 00000009 00000000 00000000 00000000
0000045B 00C 009A8000 00000000 00000018 00000000 0000000F 00000009 00000000 00000000 00000006 00000000 00000009 00000100 00000008 00000009 00000000 00000000 00000000
0000045D 00C 009A8000 00000000 00000000 00000000 0000000F 00000009 00000000 00000000 00000006 00000000 00000009 00000100 00000008 00000009 00000000 00000000 00000000
0000045E 00D 10B90000 00000000 00000000 00000000 0000000F 00000009 00000000 00000000 00000006 00000000 00000100 00000100 00000008 00000009 00000000 00000000 00000000
0000045F 00E 00991001 00000000 00000001 00000000 0000000F 00000009 00000000 00000000 00000006 00000000 00000100 00000100 00000001 00000009 00000000 00000000 00000000
00000460 00F 10C90000 00000000 00000000 00000000 0000000F 00000009 00000000 00000000 00000006 00000000 00000101 00000100 00000001 00000009 00000000 00000000 00000000
00000461 015 00881001 00000000 00000015 00000000 0000000F 00000009 00000000 00000000 00000006 00000000 00000101 00000100 00000001 00000002 00000000 00000000 00000000
00000463 015 00881001 00000000 00000001 00000000 0000000F 00000009 00000000 00000000 00000006 00000000 00000101 00000100 00000001 00000002 00000000 00000000 00000000
00000464 009 01937000 00000000 00000009 00000000 0000000F 00000009 00000000 00000000 00000006 00000001 00000101 00000100 00000001 00000002 00000000 00000000 00000000
00000466 009 01937000 00000000 00000000 00000000 0000000F 00000009 00000000 00000000 00000006 00000001 00000101 00000100 00000001 00000002 00000000 00000000 00000000
00000467 00C 009A8000 00000000 00000018 00000000 0000000F 00000009 00000000 00000000 00000006 00000001 00000009 00000100 00000001 00000002 00000000 00000000 00000000
00000469 00C 009A8000 00000000 00000000 00000000 0000000F 00000009 00000000 00000000 00000006 00000001 00000009 00000100 00000001 00000002 00000000 00000000 00000000
0000046A 00D 10B90000 00000000 00000000 00000000 0000000F 00000009 00000000 00000000 00000006 00000001 00000101 00000100 00000001 00000002 00000000 00000000 00000000
0000046B 00E 00991001 00000000 00000001 00000000 0000000F 00000009 00000000 00000000 00000006 00000001 00000101 00000100 00000002 00000002 00000000 00000000 00000000
0000046C 00F 10C90000 00000000 00000000 00000000 0000000F 00000009 00000000 00000000 00000006 00000001 00000102 00000100 00000002 00000002 00000000 00000000 00000000
0000046D 015 00881001 00000000 00000015 00000000 0000000F 00000009 00000000 00000000 00000006 00000001 00000102 00000100 00000002 00000003 00000000 00000000 00000000
0000046F 015 00881001 00000000 00000001 00000000 0000000F 00000009 00000000 00000000 00000006 00000001 00000102 00000100 00000002 00000003 00000000 00000000 00000000
00000470 009 01937000 00000000 00000009 00000000 0000000F 00000009 00000000 00000000 00000006 00000002 00000102 00000100 00000002 00000003 00000000 00000000 00000000
00000472 009 01937000 00000000 00000000 00000000 0000000F 00000009 00000000 00000000 00000006 00000002 00000102 00000100 00000002 00000003 00000000 00000000 00000000
00000473 00C 009A8000 00000000 00000018 00000000 0000000F 00000009 00000000 00000000 00000006 00000002 00000009 00000100 00000002 00000003 00000000 00000000 00000000
00000475 00C 009A8000 00000000 00000000 00000000 0000000F 00000009 00000000 00000000 00000006 00000002 00000009 00000100 00000002 00000003 00000000 00000000 00000000
00000476 00D 10B90000 00000000 00000000 00000000 0000000F 00000009 00000000 00000000 00000006 00000002 00000102 00000100 00000002 00000003 00000000 00000000 00000000
00000477 00E 00991001 00000000 00000001 00000000 0000000F 00000009 00000000 00000000 00000006 00000002 00000102 00000100 00000003 00000003 00000000 00000000 00000000
00000478 00F 10C90000 00000000 00000000 00000000 0000000F 00000009 00000000 00000000 00000006 00000002 00000103 00000100 00000003 00000003 00000000 00000000 00000000
00000479 015 00881001 00000000 00000015 00000000 0000000F 00000009 00000000 00000000 00000006 00000002 00000103 00000100 00000003 00000004 00000000 00000000 00000000
0000047B 015 00881001 00000000 00000001 00000000 0000000F 00000009 00000000 00000000 00000006 00000002 00000103 00000100 00000003 00000004 00000000 00000000 00000000
0000047C 009 01937000 00000000 00000009 00000000 0000000F 00000009 00000000 00000000 00000006 00000003 00000103 00000100 00000003 00000004 00000000 00000000 00000000
0000047E 009 01937000 00000000 00000000 00000000 0000000F 00000009 00000000 00000000 00000006 00000003 00000103 00000100 00000003 00000004 00000000 00000000 00000000
0000047F 00C 009A8000 00000000 00000018 00000000 0000000F 00000009 00000000 00000000 00000006 00000003 00000009 00000100 00000003 00000004 00000000 00000000 00000000
00000481 00C 009A8000 00000000 00000000 00000000 0000000F 00000009 00000000 00000000 00000006 00000003 00000009 00000100 00000003 00000004 00000000 00000000 00000000
00000482 00D 10B90000 00000000 00000000 00000000 0000000F 00000009 00000000 00000000 00000006 00000003 00000103 00000100 00000003 00000004 00000000 00000000 00000000
00000483 00E 00991001 00000000 00000001 00000000 0000000F 00000009 00000000 00000000 00000006 00000003 00000103 00000100 00000004 00000004 00000000 00000000 00000000
00000484 00F 10C90000 00000000 00000000 00000000 0000000F 00000009 00000000 00000000 00000006 00000003 00000104 00000100 00000004 00000004 00000000 00000000 00000000
00000485 015 00881001 00000000 00000015 00000000 0000000F 00000009 00000000 00000000 00000006 00000003 00000104 00000100 00000004 00000005 00000000 00000000 00000000
00000487 015 00881001 00000000 00000001 00000000 0000000F 00000009 00000000 00000000 00000006 00000003 00000104 00000100 00000004 00000005 00000000 00000000 00000000
00000488 009 01937000 00000000 00000009 00000000 0000000F 00000009 00000000 00000000 00000006 00000004 00000104 00000100 00000004 00000005 00000000 00000000 00000000
0000048A 009 01937000 00000000 00000000 00000000 0000000F 00000009 00000000 00000000 00000006 00000004 00000104 00000100 00000004 00000005 00000000 00000000 00000000
0000048B 00C 009A8000 00000000 00000018 00000000 0000000F 00000009 00000000 00000000 00000006 00000004 00000009 00000100 00000004 00000005 00000000 00000000 00000000
0000048D 00C 009A8000 00000000 00000000 00000000 0000000F 00000009 00000000 00000000 00000006 00000004 00000009 00000100 00000004 00000005 00000000 00000000 00000000
0000048E 00D 10B90000 00000000 00000000 00000000 0000000F 00000009 00000000 00000000 00000006 00000004 00000104 00000100 00000004 00000005 00000000 00000000 00000000
0000048F 00E 00991001 00000000 00000001 00000000 0000000F 00000009 00000000 00000000 00000006 00000004 00000104 00000100 00000005 00000005 00000000 00000000 00000000
00000490 00F 10C90000 00000000 00000000 00000000 0000000F 00000009 00000000 00000000 00000006 00000004 00000105 00000100 00000005 00000005 00000000 00000000 00000000
00000491 012 11B90000 00000000 00000015 00000000 0000000F 00000009 00000000 00000000 00000006 00000004 00000105 00000100 00000005 00000004 00000000 00000000 00000000
00000493 012 11B90000 00000000 00000000 00000000 0000000F 00000009 00000000 00000000 00000006 00000004 00000105 00000100 00000005 00000004 00000000 00000000 00000000
00000494 013 01991001 00000000 00000001 00000000 0000000F 00000009 00000000 00000000 00000006 00000004 00000105 00000100 00000005 00000004 00000000 00000000 00000000
00000495 014 11C90000 00000000 00000000 00000000 0000000F 00000009 00000000 00000000 00000006 00000004 00000104 00000100 00000005 00000004 00000000 00000000 00000000
00000496 015 00881001 00000000 00000001 00000000 0000000F 00000009 00000000 00000000 00000006 00000004 00000104 00000100 00000005 00000004 00000000 00000000 00000000
00000497 009 01937000 00000000 00000009 00000000 0000000F 00000009 00000000 00000000 00000006 00000005 00000104 00000100 00000005 00000004 00000000 00000000 00000000
00000499 009 01937000 00000000 00000000 00000000 0000000F 00000009 00000000 00000000 00000006 00000005 00000104 00000100 00000005 00000004 00000000 00000000 00000000
0000049A 00C 009A8000 00000000 00000018 00000000 0000000F 00000009 00000000 00000000 00000006 00000005 00000009 00000100 00000005 00000004 00000000 00000000 00000000
0000049C 00C 009A8000 00000000 00000000 00000000 0000000F 00000009 00000000 00000000 00000006 00000005 00000009 00000100 00000005 00000004 00000000 00000000 00000000
0000049D 00D 10B90000 00000000 00000000 00000000 0000000F 00000009 00000000 00000000 00000006 00000005 00000105 00000100 00000005 00000004 00000000 00000000 00000000
0000049E 00E 00991001 00000000 00000001 00000000 0000000F 00000009 00000000 00000000 00000006 00000005 00000105 00000100 00000005 00000004 00000000 00000000 00000000
0000049F 00F 10C90000 00000000 00000000 00000000 0000000F 00000009 00000000 00000000 00000006 00000005 00000106 00000100 00000005 00000004 00000000 00000000 00000000
000004A0 015 00881001 00000000 00000015 00000000 0000000F 00000009 00000000 00000000 00000006 00000005 00000106 00000100 00000005 00000006 00000000 00000000 00000000
000004A2 015 00881001 00000000 00000001 00000000 0000000F 00000009 00000000 00000000 00000006 00000005 00000106 00000100 00000005 00000006 00000000 00000000 00000000
000004A3 009 01937000 00000000 00000009 00000000 0000000F 00000009 00000000 00000000 00000006 00000006 00000106 00000100 00000005 00000006 00000000 00000000 00000000
000004A5 009 01937000 00000000 00000000 00000000 0000000F 00000009 00000000 00000000 00000006 00000006 00000106 00000100 00000005 00000006 00000000 00000000 00000000
000004A6 00C 009A8000 00000000 00000018 00000000 0000000F 00000009 00000000 00000000 00000006 00000006 00000009 00000100 00000005 00000006 00000000 00000000 00000000
000004A8 00C 009A8000 00000000 00000000 00000000 0000000F 00000009 00000000 00000000 00000006 00000006 00000009 00000100 00000005 00000006 00000000 00000000 00000000
000004A9 00D 10B90000 00000000 00000000 00000000 0000000F 00000009 00000000 00000000 00000006 00000006 00000106 00000100 00000005 00000006 00000000 00000000 00000000
000004AA 00E 00991001 00000000 00000001 00000000 0000000F 00000009 00000000 00000000 00000006 00000006 00000106 00000100 00000006 00000006 00000000 00000000 00000000
000004AB 00F 10C90000 00000000 00000000 00000000 0000000F 00000009 00000000 00000000 00000006 00000006 00000107 00000100 00000006 00000006 00000000 00000000 00000000
000004AC 015 00881001 00000000 00000015 00000000 0000000F 00000009 00000000 00000000 00000006 00000006 00000107 00000100 00000006 00000007 00000000 00000000 00000000
000004AE 015 00881001 00000000 00000001 00000000 0000000F 00000009 00000000 00000000 00000006 00000006 00000107 00000100 00000006 00000007 00000000 00000000 00000000
000004AF 009 01937000 00000000 00000009 00000000 0000000F 00000009 00000000 00000000 00000006 00000007 00000107 00000100 00000006 00000007 00000000 00000000 00000000
000004B1 009 01937000 00000000 00000000 00000000 0000000F 00000009 00000000 00000000 00000006 00000007 00000107 00000100 00000006 00000007 00000000 00000000 00000000
000004B2 00C 009A8000 00000000 00000018 00000000 0000000F 00000009 00000000 00000000 00000006 00000007 00000009 00000100 00000006 00000007 00000000 00000000 00000000
000004B4 00C 009A8000 00000000 00000000 00000000 0000000F 00000009 00000000 00000000 00000006 00000007 00000009 00000100 00000006 00000007 00000000 00000000 00000000
000004B5 00D 10B90000 00000000 00000000 00000000 0000000F 00000009 00000000 00000000 00000006 00000007 00000107 00000100 00000006 00000007 00000000 00000000 00000000
000004B6 00E 00991001 00000000 00000001 00000000 0000000F 00000009 00000000 00000000 00000006 00000007 00000107 00000100 00000007 00000007 00000000 00000000 00000000
000004B7 00F 10C90000 00000000 00000000 00000000 0000000F 00000009 00000000 00000000 00000006 00000007 00000108 00000100 00000007 00000007 00000000 00000000 00000000
000004B8 015 00881001 00000000 00000015 00000000 0000000F 00000009 00000000 00000000 00000006 00000007 00000108 00000100 00000007 00000008 00000000 00000000 00000000
000004BA 015 00881001 00000000 00000001 00000000 0000000F 00000009 00000000 00000000 00000006 00000007 00000108 00000100 00000007 00000008 00000000 00000000 00000000
000004BB 009 01937000 00000000 00000009 00000000 0000000F 00000009 00000000 00000000 00000006 00000008 00000108 00000100 00000007 00000008 00000000 00000000 00000000
000004BD 009 01937000 00000000 00000000 00000000 0000000F 00000009 00000000 00000000 00000006 00000008 00000108 00000100 00000007 00000008 00000000 00000000 00000000
000004BE 00C 009A8000 00000000 00000018 00000000 0000000F 00000009 00000000 00000000 00000006 00000008 00000009 00000100 00000007 00000008 00000000 00000000 00000000
000004C0 00C 009A8000 00000000 00000000 00000000 0000000F 00000009 00000000 00000000 00000006 00000008 00000009 00000100 00000007 00000008 00000000 00000000 00000000
000004C1 00D 10B90000 00000000 00000000 00000000 0000000F 00000009 00000000 00000000 00000006 00000008 00000108 00000100 00000007 00000008 00000000 00000000 00000000
000004C2 00E 00991001 00000000 00000001 00000000 0000000F 00000009 00000000 00000000 00000006 00000008 00000108 00000100 00000008 00000008 00000000 00000000 00000000
000004C3 00F 10C90000 00000000 00000000 00000000 0000000F 00000009 00000000 00000000 00000006 00000008 00000109 00000100 00000008 00000008 00000000 00000000 00000000
000004C4 012 11B90000 00000000 00000015 00000000 0000000F 00000009 00000000 00000000 00000006 00000008 00000109 00000100 00000008 00000008 00000000 00000000 00000000
000004C6 012 11B90000 00000000 00000000 00000000 0000000F 00000009 00000000 00000000 00000006 00000008 00000109 00000100 00000008 00000008 00000000 00000000 00000000
000004C7 013 01991001 00000000 00000001 00000000 0000000F 00000009 00000000 00000000 00000006 00000008 00000109 00000100 00000008 00000008 00000000 00000000 00000000
000004C8 014 11C90000 00000000 00000000 00000000 0000000F 00000009 00000000 00000000 00000006 00000008 00000108 00000100 00000008 00000008 00000000 00000000 00000000
000004C9 015 00881001 00000000 00000001 00000000 0000000F 00000009 00000000 00000000 00000006 00000008 00000108 00000100 00000008 00000008 00000000 00000000 00000000
000004CA 009 01937000 00000000 00000009 00000000 0000000F 00000009 00000000 00000000 00000006 00000009 00000108 00000100 00000008 00000008 00000000 00000000 00000000
000004CC 009 01937000 00000000 00000000 00000000 0000000F 00000009 00000000 00000000 00000006 00000009 00000108 00000100 00000008 00000008 00000000 00000000 00000000
000004CD 018 00771001 00000000 00000018 00000000 0000000F 00000009 00000000 00000000 00000006 00000009 00000009 00000100 00000008 00000008 00000000 00000000 00000000
000004CF 018 00771001 00000000 00000001 00000000 0000000F 00000009 00000000 00000000 00000006 00000009 00000009 00000100 00000008 00000008 00000000 00000000 00000000
000004D0 005 09173100 00000000 00000005 00000000 0000000F 00000009 00000000 00000000 00000007 00000009 00000009 00000100 00000008 00000008 00000000 00000000 00000000
000004D2 007 00801000 00000000 0000001B 00000000 0000000F 00000009 00000000 00000000 00000007 00000009 00000009 00000100 00000008 00000008 00000000 00000000 00000000
000004D4 007 00801000 00000000 00000000 00000000 0000000F 00000009 00000000 00000000 00000007 00000009 00000009 00000100 00000008 00000008 00000000 00000000 00000000
000004D5 008 14740000 00000000 00000000 00000000 0000000F 00000009 00000000 00000000 00000007 00000000 00000009 00000100 00000008 00000008 00000000 00000000 00000000
000004D6 009 01937000 00000000 00000000 00000000 0000000F 00000009 00000000 00000000 00000007 00000000 00000009 00000100 00000008 00000008 00000000 00000000 00000000
000004D7 00C 009A8000 00000000 00000018 00000000 0000000F 00000009 00000000 00000000 00000007 00000000 00000008 00000100 00000008 00000008 00000000 00000000 00000000
000004D9 00C 009A8000 00000000 00000000 00000000 0000000F 00000009 00000000 00000000 00000007 00000000 00000008 00000100 00000008 00000008 00000000 00000000 00000000
000004DA 00D 10B90000 00000000 00000000 00000000 0000000F 00000009 00000000 00000000 00000007 00000000 00000100 00000100 00000008 00000008 00000000 00000000 00000000
000004DB 00E 00991001 00000000 00000001 00000000 0000000F 00000009 00000000 00000000 00000007 00000000 00000100 00000100 00000001 00000008 00000000 00000000 00000000
000004DC 00F 10C90000 00000000 00000000 00000000 0000000F 00000009 00000000 00000000 00000007 00000000 00000101 00000100 00000001 00000008 00000000 00000000 00000000
000004DD 015 00881001 00000000 00000015 00000000 0000000F 00000009 00000000 00000000 00000007 00000000 00000101 00000100 00000001 00000002 00000000 00000000 00000000
000004DF 015 00881001 00000000 00000001 00000000 0000000F 00000009 00000000 00000000 00000007 00000000 00000101 00000100 00000001 00000002 00000000 00000000 00000000
000004E0 009 01937000 00000000 00000009 00000000 0000000F 00000009 00000000 00000000 00000007 00000001 00000101 00000100 00000001 00000002 00000000 00000000 00000000
000004E2 009 01937000 00000000 00000000 00000000 0000000F 00000009 00000000 00000000 00000007 00000001 00000101 00000100 00000001 00000002 00000000 00000000 00000000
000004E3 00C 009A8000 00000000 00000018 00000000 0000000F 00000009 00000000 00000000 00000007 00000001 00000008 00000100 00000001 00000002 00000000 00000000 00000000
000004E5 00C 009A8000 00000000 00000000 00000000 0000000F 00000009 00000000 00000000 00000007 00000001 00000008 00000100 00000001 00000002 00000000 00000000 00000000
000004E6 00D 10B90000 00000000 00000000 00000000 0000000F 00000009 00000000 00000000 00000007 00000001 00000101 00000100 00000001 00000002 00000000 00000000 00000000
000004E7 00E 00991001 00000000 00000001 00000000 0000000F 00000009 00000000 00000000 00000007 00000001 00000101 00000100 00000002 00000002 00000000 00000000 00000000
000004E8 00F 10C90000 00000000 00000000 00000000 0000000F 00000009 00000000 00000000 00000007 00000001 00000102 00000100 00000002 00000002 00000000 00000000 00000000
000004E9 015 00881001 00000000 00000015 00000000 0000000F 00000009 00000000 00000000 00000007 00000001 00000102 00000100 00000002 00000003 00000000 00000000 00000000
000004EB 015 00881001 00000000 00000001 00000000 0000000F 00000009 00000000 00000000 00000007 00000001 00000102 00000100 00000002 00000003 00000000 00000000 00000000
000004EC 009 01937000 00000000 00000009 00000000 0000000F 00000009 00000000 00000000 00000007 00000002 00000102 00000100 00000002 00000003 00000000 00000000 00000000
000004EE 009 01937000 00000000 00000000 00000000 0000000F 00000009 00000000 00000000 00000007 00000002 00000102 00000100 00000002 00000003 00000000 00000000 00000000
000004EF 00C 009A8000 00000000 00000018 00000000 0000000F 00000009 00000000 00000000 00000007 00000002 00000008 00000100 00000002 00000003 00000000 00000000 00000000
000004F1 00C 009A8000 00000000 00000000 00000000 0000000F 00000009 00000000 00000000 00000007 00000002 00000008 00000100 00000002 00000003 00000000 00000000 00000000
000004F2 00D 10B90000 00000000 00000000 00000000 0000000F 00000009 00000000 00000000 00000007 00000002 00000102 00000100 00000002 00000003 00000000 00000000 00000000
000004F3 00E 00991001 00000000 00000001 00000000 0000000F 00000009 00000000 00000000 00000007 00000002 00000102 00000100 00000003 00000003 00000000 00000000 00000000
000004F4 00F 10C90000 00000000 00000000 00000000 0000000F 00000009 00000000 00000000 00000007 00000002 00000103 00000100 00000003 00000003 00000000 00000000 00000000
000004F5 015 00881001 00000000 00000015 00000000 0000000F 00000009 00000000 00000000 00000007 00000002 00000103 00000100 00000003 00000004 00000000 00000000 00000000
000004F7 015 00881001 00000000 00000001 00000000 0000000F 00000009 00000000 00000000 00000007 00000002 00000103 00000100 00000003 00000004 00000000 00000000 00000000
000004F8 009 01937000 00000000 00000009 00000000 0000000F 00000009 00000000 00000000 00000007 00000003 00000103 00000100 00000003 00000004 00000000 00000000 00000000
000004FA 009 01937000 00000000 00000000 00000000 0000000F 00000009 00000000 00000000 00000007 00000003 00000103 00000100 00000003 00000004 00000000 00000000 00000000
000004FB 00C 009A8000 00000000 00000018 00000000 0000000F 00000009 00000000 00000000 00000007 00000003 00000008 00000100 00000003 00000004 00000000 00000000 00000000
000004FD 00C 009A8000 00000000 00000000 00000000 0000000F 00000009 00000000 00000000 00000007 00000003 00000008 00000100 00000003 00000004 00000000 00000000 00000000
000004FE 00D 10B90000 00000000 00000000 00000000 0000000F 00000009 00000000 00000000 00000007 00000003 00000103 00000100 00000003 00000004 00000000 00000000 00000000
000004FF 00E 00991001 00000000 00000001 00000000 0000000F 00000009 00000000 00000000 00000007 00000003 00000103 00000100 00000004 00000004 00000000 00000000 00000000
00000500 00F 10C90000 00000000 00000000 00000000 0000000F 00000009 00000000 00000000 00000007 00000003 00000104 00000100 00000004 00000004 00000000 00000000 00000000
00000501 012 11B90000 00000000 00000015 00000000 0000000F 00000009 00000000 00000000 00000007 00000003 00000104 00000100 00000004 00000004 00000000 00000000 00000000
00000503 012 11B90000 00000000 00000000 00000000 0000000F 00000009 00000000 00000000 00000007 00000003 00000104 00000100 00000004 00000004 00000000 00000000 00000000
00000504 013 01991001 00000000 00000001 00000000 0000000F 00000009 00000000 00000000 00000007 00000003 00000104 00000100 00000004 00000004 00000000 00000000 00000000
00000505 014 11C90000 00000000 00000000 00000000 0000000F 00000009 00000000 00000000 00000007 00000003 00000103 00000100 00000004 00000004 00000000 00000000 00000000
00000506 015 00881001 00000000 00000001 00000000 0000000F 00000009 00000000 00000000 00000007 00000003 00000103 00000100 00000004 00000004 00000000 00000000 00000000
00000507 009 01937000 00000000 00000009 00000000 0000000F 00000009 00000000 00000000 00000007 00000004 00000103 00000100 00000004 00000004 00000000 00000000 00000000
00000509 009 01937000 00000000 00000000 00000000 0000000F 00000009 00000000 00000000 00000007 00000004 00000103 00000100 00000004 00000004 00000000 00000000 00000000
0000050A 00C 009A8000 00000000 00000018 00000000 0000000F 00000009 00000000 00000000 00000007 00000004 00000008 00000100 00000004 00000004 00000000 00000000 00000000
0000050C 00C 009A8000 00000000 00000000 00000000 0000000F 00000009 00000000 00000000 00000007 00000004 00000008 00000100 00000004 00000004 00000000 00000000 00000000
0000050D 00D 10B90000 00000000 00000000 00000000 0000000F 00000009 00000000 00000000 00000007 00000004 00000104 00000100 00000004 00000004 00000000 00000000 00000000
0000050E 00E 00991001 00000000 00000001 00000000 0000000F 00000009 00000000 00000000 00000007 00000004 00000104 00000100 00000004 00000004 00000000 00000000 00000000
0000050F 00F 10C90000 00000000 00000000 00000000 0000000F 00000009 00000000 00000000 00000007 00000004 00000105 00000100 00000004 00000004 00000000 00000000 00000000
00000510 015 00881001 00000000 00000015 00000000 0000000F 00000009 00000000 00000000 00000007 00000004 00000105 00000100 00000004 00000005 00000000 00000000 00000000
00000512 015 00881001 00000000 00000001 00000000 0000000F 00000009 00000000 00000000 00000007 00000004 00000105 00000100 00000004 00000005 00000000 00000000 00000000
00000513 009 01937000 00000000 00000009 00000000 0000000F 00000009 00000000 00000000 00000007 00000005 00000105 00000100 00000004 00000005 00000000 00000000 00000000
00000515 009 01937000 00000000 00000000 00000000 0000000F 00000009 00000000 00000000 00000007 00000005 00000105 00000100 00000004 00000005 00000000 00000000 00000000
00000516 00C 009A8000 00000000 00000018 00000000 0000000F 00000009 00000000 00000000 00000007 00000005 00000008 00000100 00000004 00000005 00000000 00000000 00000000
00000518 00C 009A8000 00000000 00000000 00000000 0000000F 00000009 00000000 00000000 00000007 00000005 00000008 00000100 00000004 00000005 00000000 00000000 00000000
00000519 00D 10B90000 00000000 00000000 00000000 0000000F 00000009 00000000 00000000 00000007 00000005 00000105 00000100 00000004 00000005 00000000 00000000 00000000
0000051A 00E 00991001 00000000 00000001 00000000 0000000F 00000009 00000000 00000000 00000007 00000005 00000105 00000100 00000005 00000005 00000000 00000000 00000000
0000051B 00F 10C90000 00000000 00000000 00000000 0000000F 00000009 00000000 00000000 00000007 00000005 00000106 00000100 00000005 00000005 00000000 00000000 00000000
0000051C 015 00881001 00000000 00000015 00000000 0000000F 00000009 00000000 00000000 00000007 00000005 00000106 00000100 00000005 00000006 00000000 00000000 00000000
0000051E 015 00881001 00000000 00000001 00000000 0000000F 00000009 00000000 00000000 00000007 00000005 00000106 00000100 00000005 00000006 00000000 00000000 00000000
0000051F 009 01937000 00000000 00000009 00000000 0000000F 00000009 00000000 00000000 00000007 00000006 00000106 00000100 00000005 00000006 00000000 00000000 00000000
00000521 009 01937000 00000000 00000000 00000000 0000000F 00000009 00000000 00000000 00000007 00000006 00000106 00000100 00000005 00000006 00000000 00000000 00000000
00000522 00C 009A8000 00000000 00000018 00000000 0000000F 00000009 00000000 00000000 00000007 00000006 00000008 00000100 00000005 00000006 00000000 00000000 00000000
00000524 00C 009A8000 00000000 00000000 00000000 0000000F 00000009 00000000 00000000 00000007 00000006 00000008 00000100 00000005 00000006 00000000 00000000 00000000
00000525 00D 10B90000 00000000 00000000 00000000 0000000F 00000009 00000000 00000000 00000007 00000006 00000106 00000100 00000005 00000006 00000000 00000000 00000000
00000526 00E 00991001 00000000 00000001 00000000 0000000F 00000009 00000000 00000000 00000007 00000006 00000106 00000100 00000006 00000006 00000000 00000000 00000000
00000527 00F 10C90000 00000000 00000000 00000000 0000000F 00000009 00000000 00000000 00000007 00000006 00000107 00000100 00000006 00000006 00000000 00000000 00000000
00000528 015 00881001 00000000 00000015 00000000 0000000F 00000009 00000000 00000000 00000007 00000006 00000107 00000100 00000006 00000007 00000000 00000000 00000000
0000052A 015 00881001 00000000 00000001 00000000 0000000F 00000009 00000000 00000000 00000007 00000006 00000107 00000100 00000006 00000007 00000000 00000000 00000000
0000052B 009 01937000 00000000 00000009 00000000 0000000F 00000009 00000000 00000000 00000007 00000007 00000107 00000100 00000006 00000007 00000000 00000000 00000000
0000052D 009 01937000 00000000 00000000 00000000 0000000F 00000009 00000000 00000000 00000007 00000007 00000107 00000100 00000006 00000007 00000000 00000000 00000000
0000052E 00C 009A8000 00000000 00000018 00000000 0000000F 00000009 00000000 00000000 00000007 00000007 00000008 00000100 00000006 00000007 00000000 00000000 00000000
00000530 00C 009A8000 00000000 00000000 00000000 0000000F 00000009 00000000 00000000 00000007 00000007 00000008 00000100 00000006 00000007 00000000 00000000 00000000
00000531 00D 10B90000 00000000 00000000 00000000 0000000F 00000009 00000000 00000000 00000007 00000007 00000107 00000100 00000006 00000007 00000000 00000000 00000000
00000532 00E 00991001 00000000 00000001 00000000 0000000F 00000009 00000000 00000000 00000007 00000007 00000107 00000100 00000007 00000007 00000000 00000000 00000000
00000533 00F 10C90000 00000000 00000000 00000000 0000000F 00000009 00000000 00000000 00000007 00000007 00000108 00000100 00000007 00000007 00000000 00000000 00000000
00000534 015 00881001 00000000 00000015 00000000 0000000F 00000009 00000000 00000000 00000007 00000007 00000108 00000100 00000007 00000008 00000000 00000000 00000000
00000536 015 00881001 00000000 00000001 00000000 0000000F 00000009 00000000 00000000 00000007 00000007 00000108 00000100 00000007 00000008 00000000 00000000 00000000
00000537 009 01937000 00000000 00000009 00000000 0000000F 00000009 00000000 00000000 00000007 00000008 00000108 00000100 00000007 00000008 00000000 00000000 00000000
00000539 009 01937000 00000000 00000000 00000000 0000000F 00000009 00000000 00000000 00000007 00000008 00000108 00000100 00000007 00000008 00000000 00000000 00000000
0000053A 018 00771001 00000000 00000018 00000000 0000000F 00000009 00000000 00000000 00000007 00000008 00000008 00000100 00000007 00000008 00000000 00000000 00000000
0000053C 018 00771001 00000000 00000001 00000000 0000000F 00000009 00000000 00000000 00000007 00000008 00000008 00000100 00000007 00000008 00000000 00000000 00000000
0000053D 005 09173100 00000000 00000005 00000000 0000000F 00000009 00000000 00000000 00000008 00000008 00000008 00000100 00000007 00000008 00000000 00000000 00000000
0000053F 007 00801000 00000000 0000001B 00000000 0000000F 00000009 00000000 00000000 00000008 00000008 00000008 00000100 00000007 00000008 00000000 00000000 00000000
00000541 007 00801000 00000000 00000000 00000000 0000000F 00000009 00000000 00000000 00000008 00000008 00000008 00000100 00000007 00000008 00000000 00000000 00000000
00000542 008 14740000 00000000 00000000 00000000 0000000F 00000009 00000000 00000000 00000008 00000000 00000008 00000100 00000007 00000008 00000000 00000000 00000000
00000543 009 01937000 00000000 00000000 00000000 0000000F 00000009 00000000 00000000 00000008 00000000 00000008 00000100 00000007 00000008 00000000 00000000 00000000
00000544 00C 009A8000 00000000 00000018 00000000 0000000F 00000009 00000000 00000000 00000008 00000000 00000007 00000100 00000007 00000008 00000000 00000000 00000000
00000546 00C 009A8000 00000000 00000000 00000000 0000000F 00000009 00000000 00000000 00000008 00000000 00000007 00000100 00000007 00000008 00000000 00000000 00000000
00000547 00D 10B90000 00000000 00000000 00000000 0000000F 00000009 00000000 00000000 00000008 00000000 00000100 00000100 00000007 00000008 00000000 00000000 00000000
00000548 00E 00991001 00000000 00000001 00000000 0000000F 00000009 00000000 00000000 00000008 00000000 00000100 00000100 00000001 00000008 00000000 00000000 00000000
00000549 00F 10C90000 00000000 00000000 00000000 0000000F 00000009 00000000 00000000 00000008 00000000 00000101 00000100 00000001 00000008 00000000 00000000 00000000
0000054A 015 00881001 00000000 00000015 00000000 0000000F 00000009 00000000 00000000 00000008 00000000 00000101 00000100 00000001 00000002 00000000 00000000 00000000
0000054C 015 00881001 00000000 00000001 00000000 0000000F 00000009 00000000 00000000 00000008 00000000 00000101 00000100 00000001 00000002 00000000 00000000 00000000
0000054D 009 01937000 00000000 00000009 00000000 0000000F 00000009 00000000 00000000 00000008 00000001 00000101 00000100 00000001 00000002 00000000 00000000 00000000
0000054F 009 01937000 00000000 00000000 00000000 0000000F 00000009 00000000 00000000 00000008 00000001 00000101 00000100 00000001 00000002 00000000 00000000 00000000
00000550 00C 009A8000 00000000 00000018 00000000 0000000F 00000009 00000000 00000000 00000008 00000001 00000007 00000100 00000001 00000002 00000000 00000000 00000000
00000552 00C 009A8000 00000000 00000000 00000000 0000000F 00000009 00000000 00000000 00000008 00000001 00000007 00000100 00000001 00000002 00000000 00000000 00000000
00000553 00D 10B90000 00000000 00000000 00000000 0000000F 00000009 00000000 00000000 00000008 00000001 00000101 00000100 00000001 00000002 00000000 00000000 00000000
00000554 00E 00991001 00000000 00000001 00000000 0000000F 00000009 00000000 00000000 00000008 00000001 00000101 00000100 00000002 00000002 00000000 00000000 00000000
00000555 00F 10C90000 00000000 00000000 00000000 0000000F 00000009 00000000 00000000 00000008 00000001 00000102 00000100 00000002 00000002 00000000 00000000 00000000
00000556 015 00881001 00000000 00000015 00000000 0000000F 00000009 00000000 00000000 00000008 00000001 00000102 00000100 00000002 00000003 00000000 00000000 00000000
00000558 015 00881001 00000000 00000001 00000000 0000000F 00000009 00000000 00000000 00000008 00000001 00000102 00000100 00000002 00000003 00000000 00000000 00000000
00000559 009 01937000 00000000 00000009 00000000 0000000F 00000009 00000000 00000000 00000008 00000002 00000102 00000100 00000002 00000003 00000000 00000000 00000000
0000055B 009 01937000 00000000 00000000 00000000 0000000F 00000009 00000000 00000000 00000008 00000002 00000102 00000100 00000002 00000003 00000000 00000000 00000000
0000055C 00C 009A8000 00000000 00000018 00000000 0000000F 00000009 00000000 00000000 00000008 00000002 00000007 00000100 00000002 00000003 00000000 00000000 00000000
0000055E 00C 009A8000 00000000 00000000 00000000 0000000F 00000009 00000000 00000000 00000008 00000002 00000007 00000100 00000002 00000003 00000000 00000000 00000000
0000055F 00D 10B90000 00000000 00000000 00000000 0000000F 00000009 00000000 00000000 00000008 00000002 00000102 00000100 00000002 00000003 00000000 00000000 00000000
00000560 00E 00991001 00000000 00000001 00000000 0000000F 00000009 00000000 00000000 00000008 00000002 00000102 00000100 00000003 00000003 00000000 00000000 00000000
00000561 00F 10C90000 00000000 00000000 00000000 0000000F 00000009 00000000 00000000 00000008 00000002 00000103 00000100 00000003 00000003 00000000 00000000 00000000
00000562 015 00881001 00000000 00000015 00000000 0000000F 00000009 00000000 00000000 00000008 00000002 00000103 00000100 00000003 00000004 00000000 00000000 00000000
00000564 015 00881001 00000000 00000001 00000000 0000000F 00000009 00000000 00000000 00000008 00000002 00000103 00000100 00000003 00000004 00000000 00000000 00000000
00000565 009 01937000 00000000 00000009 00000000 0000000F 00000009 00000000 00000000 00000008 00000003 00000103 00000100 00000003 00000004 00000000 00000000 00000000
00000567 009 01937000 00000000 00000000 00000000 0000000F 00000009 00000000 00000000 00000008 00000003 00000103 00000100 00000003 00000004 00000000 00000000 00000000
00000568 00C 009A8000 00000000 00000018 00000000 0000000F 00000009 00000000 00000000 00000008 00000003 00000007 00000100 00000003 00000004 00000000 00000000 00000000
0000056A 00C 009A8000 00000000 00000000 00000000 0000000F 00000009 00000000 00000000 00000008 00000003 00000007 00000100 00000003 00000004 00000000 00000000 00000000
0000056B 00D 10B90000 00000000 00000000 00000000 0000000F 00000009 00000000 00000000 00000008 00000003 00000103 00000100 00000003 00000004 00000000 00000000 00000000
0000056C 00E 00991001 00000000 00000001 00000000 0000000F 00000009 00000000 00000000 00000008 00000003 00000103 00000100 00000004 00000004 00000000 00000000 00000000
0000056D 00F 10C90000 00000000 00000000 00000000 0000000F 00000009 00000000 00000000 00000008 00000003 00000104 00000100 00000004 00000004 00000000 00000000 00000000
0000056E 012 11B90000 00000000 00000015 00000000 0000000F 00000009 00000000 00000000 00000008 00000003 00000104 00000100 00000004 00000004 00000000 00000000 00000000
00000570 012 11B90000 00000000 00000000 00000000 0000000F 00000009 00000000 00000000 00000008 00000003 00000104 00000100 00000004 00000004 00000000 00000000 00000000
00000571 013 01991001 00000000 00000001 00000000 0000000F 00000009 00000000 00000000 00000008 00000003 00000104 00000100 00000004 00000004 00000000 00000000 00000000
00000572 014 11C90000 00000000 00000000 00000000 0000000F 00000009 00000000 00000000 00000008 00000003 00000103 00000100 00000004 00000004 00000000 00000000 00000000
00000573 015 00881001 00000000 00000001 00000000 0000000F 00000009 00000000 00000000 00000008 00000003 00000103 00000100 00000004 00000004 00000000 00000000 00000000
00000574 009 01937000 00000000 00000009 00000000 0000000F 00000009 00000000 00000000 00000008 00000004 00000103 00000100 00000004 00000004 00000000 00000000 00000000
00000576 009 01937000 00000000 00000000 00000000 0000000F 00000009 00000000 00000000 00000008 00000004 00000103 00000100 00000004 00000004 00000000 00000000 00000000
00000577 00C 009A8000 00000000 00000018 00000000 0000000F 00000009 00000000 00000000 00000008 00000004 00000007 00000100 00000004 00000004 00000000 00000000 00000000
00000579 00C 009A8000 00000000 00000000 00000000 0000000F 00000009 00000000 00000000 00000008 00000004 00000007 00000100 00000004 00000004 00000000 00000000 00000000
0000057A 00D 10B90000 00000000 00000000 00000000 0000000F 00000009 00000000 00000000 00000008 00000004 00000104 00000100 00000004 00000004 00000000 00000000 00000000
0000057B 00E 00991001 00000000 00000001 00000000 0000000F 00000009 00000000 00000000 00000008 00000004 00000104 00000100 00000004 00000004 00000000 00000000 00000000
0000057C 00F 10C90000 00000000 00000000 00000000 0000000F 00000009 00000000 00000000 00000008 00000004 00000105 00000100 00000004 00000004 00000000 00000000 00000000
0000057D 015 00881001 00000000 00000015 00000000 0000000F 00000009 00000000 00000000 00000008 00000004 00000105 00000100 00000004 00000005 00000000 00000000 00000000
0000057F 015 00881001 00000000 00000001 00000000 0000000F 00000009 00000000 00000000 00000008 00000004 00000105 00000100 00000004 00000005 00000000 00000000 00000000
00000580 009 01937000 00000000 00000009 00000000 0000000F 00000009 00000000 00000000 00000008 00000005 00000105 00000100 00000004 00000005 00000000 00000000 00000000
00000582 009 01937000 00000000 00000000 00000000 0000000F 00000009 00000000 00000000 00000008 00000005 00000105 00000100 00000004 00000005 00000000 00000000 00000000
00000583 00C 009A8000 00000000 00000018 00000000 0000000F 00000009 00000000 00000000 00000008 00000005 00000007 00000100 00000004 00000005 00000000 00000000 00000000
00000585 00C 009A8000 00000000 00000000 00000000 0000000F 00000009 00000000 00000000 00000008 00000005 00000007 00000100 00000004 00000005 00000000 00000000 00000000
00000586 00D 10B90000 00000000 00000000 00000000 0000000F 00000009 00000000 00000000 00000008 00000005 00000105 00000100 00000004 00000005 00000000 00000000 00000000
00000587 00E 00991001 00000000 00000001 00000000 0000000F 00000009 00000000 00000000 00000008 00000005 00000105 00000100 00000005 00000005 00000000 00000000 00000000
00000588 00F 10C90000 00000000 00000000 00000000 0000000F 00000009 00000000 00000000 00000008 00000005 00000106 00000100 00000005 00000005 00000000 00000000 00000000
00000589 015 00881001 00000000 00000015 00000000 0000000F 00000009 00000000 00000000 00000008 00000005 00000106 00000100 00000005 00000006 00000000 00000000 00000000
0000058B 015 00881001 00000000 00000001 00000000 0000000F 00000009 00000000 00000000 00000008 00000005 00000106 00000100 00000005 00000006 00000000 00000000 00000000
0000058C 009 01937000 00000000 00000009 00000000 0000000F 00000009 00000000 00000000 00000008 00000006 00000106 00000100 00000005 00000006 00000000 00000000 00000000
0000058E 009 01937000 00000000 00000000 00000000 0000000F 00000009 00000000 00000000 00000008 00000006 00000106 00000100 00000005 00000006 00000000 00000000 00000000
0000058F 00C 009A8000 00000000 00000018 00000000 0000000F 00000009 00000000 00000000 00000008 00000006 00000007 00000100 00000005 00000006 00000000 00000000 00000000
00000591 00C 009A8000 00000000 00000000 00000000 0000000F 00000009 00000000 00000000 00000008 00000006 00000007 00000100 00000005 00000006 00000000 00000000 00000000
00000592 00D 10B90000 00000000 00000000 00000000 0000000F 00000009 00000000 00000000 00000008 00000006 00000106 00000100 00000005 00000006 00000000 00000000 00000000
00000593 00E 00991001 00000000 00000001 00000000 0000000F 00000009 00000000 00000000 00000008 00000006 00000106 00000100 00000006 00000006 00000000 00000000 00000000
00000594 00F 10C90000 00000000 00000000 00000000 0000000F 00000009 00000000 00000000 00000008 00000006 00000107 00000100 00000006 00000006 00000000 00000000 00000000
00000595 015 00881001 00000000 00000015 00000000 0000000F 00000009 00000000 00000000 00000008 00000006 00000107 00000100 00000006 00000007 00000000 00000000 00000000
00000597 015 00881001 00000000 00000001 00000000 0000000F 00000009 00000000 00000000 00000008 00000006 00000107 00000100 00000006 00000007 00000000 00000000 00000000
00000598 009 01937000 00000000 00000009 00000000 0000000F 00000009 00000000 00000000 00000008 00000007 00000107 00000100 00000006 00000007 00000000 00000000 00000000
0000059A 009 01937000 00000000 00000000 00000000 0000000F 00000009 00000000 00000000 00000008 00000007 00000107 00000100 00000006 00000007 00000000 00000000 00000000
0000059B 018 00771001 00000000 00000018 00000000 0000000F 00000009 00000000 00000000 00000008 00000007 00000007 00000100 00000006 00000007 00000000 00000000 00000000
0000059D 018 00771001 00000000 00000001 00000000 0000000F 00000009 00000000 00000000 00000008 00000007 00000007 00000100 00000006 00000007 00000000 00000000 00000000
0000059E 005 09173100 00000000 00000005 00000000 0000000F 00000009 00000000 00000000 00000009 00000007 00000007 00000100 00000006 00000007 00000000 00000000 00000000
000005A0 007 00801000 00000000 0000001B 00000000 0000000F 00000009 00000000 00000000 00000009 00000007 00000007 00000100 00000006 00000007 00000000 00000000 00000000
000005A2 007 00801000 00000000 00000000 00000000 0000000F 00000009 00000000 00000000 00000009 00000007 00000007 00000100 00000006 00000007 00000000 00000000 00000000
000005A3 008 14740000 00000000 00000000 00000000 0000000F 00000009 00000000 00000000 00000009 00000000 00000007 00000100 00000006 00000007 00000000 00000000 00000000
000005A4 009 01937000 00000000 00000000 00000000 0000000F 00000009 00000000 00000000 00000009 00000000 00000007 00000100 00000006 00000007 00000000 00000000 00000000
000005A5 00C 009A8000 00000000 00000018 00000000 0000000F 00000009 00000000 00000000 00000009 00000000 00000006 00000100 00000006 00000007 00000000 00000000 00000000
000005A7 00C 009A8000 00000000 00000000 00000000 0000000F 00000009 00000000 00000000 00000009 00000000 00000006 00000100 00000006 00000007 00000000 00000000 00000000
000005A8 00D 10B90000 00000000 00000000 00000000 0000000F 00000009 00000000 00000000 00000009 00000000 00000100 00000100 00000006 00000007 00000000 00000000 00000000
000005A9 00E 00991001 00000000 00000001 00000000 0000000F 00000009 00000000 00000000 00000009 00000000 00000100 00000100 00000001 00000007 00000000 00000000 00000000
000005AA 00F 10C90000 00000000 00000000 00000000 0000000F 00000009 00000000 00000000 00000009 00000000 00000101 00000100 00000001 00000007 00000000 00000000 00000000
000005AB 015 00881001 00000000 00000015 00000000 0000000F 00000009 00000000 00000000 00000009 00000000 00000101 00000100 00000001 00000002 00000000 00000000 00000000
000005AD 015 00881001 00000000 00000001 00000000 0000000F 00000009 00000000 00000000 00000009 00000000 00000101 00000100 00000001 00000002 00000000 00000000 00000000
000005AE 009 01937000 00000000 00000009 00000000 0000000F 00000009 00000000 00000000 00000009 00000001 00000101 00000100 00000001 00000002 00000000 00000000 00000000
000005B0 009 01937000 00000000 00000000 00000000 0000000F 00000009 00000000 00000000 00000009 00000001 00000101 00000100 00000001 00000002 00000000 00000000 00000000
000005B1 00C 009A8000 00000000 00000018 00000000 0000000F 00000009 00000000 00000000 00000009 00000001 00000006 00000100 00000001 00000002 00000000 00000000 00000000
000005B3 00C 009A8000 00000000 00000000 00000000 0000000F 00000009 00000000 00000000 00000009 00000001 00000006 00000100 00000001 00000002 00000000 00000000 00000000
000005B4 00D 10B90000 00000000 00000000 00000000 0000000F 00000009 00000000 00000000 00000009 00000001 00000101 00000100 00000001 00000002 00000000 00000000 00000000
000005B5 00E 00991001 00000000 00000001 00000000 0000000F 00000009 00000000 00000000 00000009 00000001 00000101 00000100 00000002 00000002 00000000 00000000 00000000
000005B6 00F 10C90000 00000000 00000000 00000000 0000000F 00000009 00000000 00000000 00000009 00000001 00000102 00000100 00000002 00000002 00000000 00000000 00000000
000005B7 015 00881001 00000000 00000015 00000000 0000000F 00000009 00000000 00000000 00000009 00000001 00000102 00000100 00000002 00000003 00000000 00000000 00000000
000005B9 015 00881001 00000000 00000001 00000000 0000000F 00000009 00000000 00000000 00000009 00000001 00000102 00000100 00000002 00000003 00000000 00000000 00000000
000005BA 009 01937000 00000000 00000009 00000000 0000000F 00000009 00000000 00000000 00000009 00000002 00000102 00000100 00000002 00000003 00000000 00000000 00000000
000005BC 009 01937000 00000000 00000000 00000000 0000000F 00000009 00000000 00000000 00000009 00000002 00000102 00000100 00000002 00000003 00000000 00000000 00000000
000005BD 00C 009A8000 00000000 00000018 00000000 0000000F 00000009 00000000 00000000 00000009 00000002 00000006 00000100 00000002 00000003 00000000 00000000 00000000
000005BF 00C 009A8000 00000000 00000000 00000000 0000000F 00000009 00000000 00000000 00000009 00000002 00000006 00000100 00000002 00000003 00000000 00000000 00000000
000005C0 00D 10B90000 00000000 00000000 00000000 0000000F 00000009 00000000 00000000 00000009 00000002 00000102 00000100 00000002 00000003 00000000 00000000 00000000
000005C1 00E 00991001 00000000 00000001 00000000 0000000F 00000009 00000000 00000000 00000009 00000002 00000102 00000100 00000003 00000003 00000000 00000000 00000000
000005C2 00F 10C90000 00000000 00000000 00000000 0000000F 00000009 00000000 00000000 00000009 00000002 00000103 00000100 00000003 00000003 00000000 00000000 00000000
000005C3 015 00881001 00000000 00000015 00000000 0000000F 00000009 00000000 00000000 00000009 00000002 00000103 00000100 00000003 00000004 00000000 00000000 00000000
000005C5 015 00881001 00000000 00000001 00000000 0000000F 00000009 00000000 00000000 00000009 00000002 00000103 00000100 00000003 00000004 00000000 00000000 00000000
000005C6 009 01937000 00000000 00000009 00000000 0000000F 00000009 00000000 00000000 00000009 00000003 00000103 00000100 00000003 00000004 00000000 00000000 00000000
000005C8 009 01937000 00000000 00000000 00000000 0000000F 00000009 00000000 00000000 00000009 00000003 00000103 00000100 00000003 00000004 00000000 00000000 00000000
000005C9 00C 009A8000 00000000 00000018 00000000 0000000F 00000009 00000000 00000000 00000009 00000003 00000006 00000100 00000003 00000004 00000000 00000000 00000000
000005CB 00C 009A8000 00000000 00000000 00000000 0000000F 00000009 00000000 00000000 00000009 00000003 00000006 00000100 00000003 00000004 00000000 00000000 00000000
000005CC 00D 10B90000 00000000 00000000 00000000 0000000F 00000009 00000000 00000000 00000009 00000003 00000103 00000100 00000003 00000004 00000000 00000000 00000000
000005CD 00E 00991001 00000000 00000001 00000000 0000000F 00000009 00000000 00000000 00000009 00000003 00000103 00000100 00000004 00000004 00000000 00000000 00000000
000005CE 00F 10C90000 00000000 00000000 00000000 0000000F 00000009 00000000 00000000 00000009 00000003 00000104 00000100 00000004 00000004 00000000 00000000 00000000
000005CF 012 11B90000 00000000 00000015 00000000 0000000F 00000009 00000000 00000000 00000009 00000003 00000104 00000100 00000004 00000004 00000000 00000000 00000000
000005D1 012 11B90000 00000000 00000000 00000000 0000000F 00000009 00000000 00000000 00000009 00000003 00000104 00000100 00000004 00000004 00000000 00000000 00000000
000005D2 013 01991001 00000000 00000001 00000000 0000000F 00000009 00000000 00000000 00000009 00000003 00000104 00000100 00000004 00000004 00000000 00000000 00000000
000005D3 014 11C90000 00000000 00000000 00000000 0000000F 00000009 00000000 00000000 00000009 00000003 00000103 00000100 00000004 00000004 00000000 00000000 00000000
000005D4 015 00881001 00000000 00000001 00000000 0000000F 00000009 00000000 00000000 00000009 00000003 00000103 00000100 00000004 00000004 00000000 00000000 00000000
000005D5 009 01937000 00000000 00000009 00000000 0000000F 00000009 00000000 00000000 00000009 00000004 00000103 00000100 00000004 00000004 00000000 00000000 00000000
000005D7 009 01937000 00000000 00000000 00000000 0000000F 00000009 00000000 00000000 00000009 00000004 00000103 00000100 00000004 00000004 00000000 00000000 00000000
000005D8 00C 009A8000 00000000 00000018 00000000 0000000F 00000009 00000000 00000000 00000009 00000004 00000006 00000100 00000004 00000004 00000000 00000000 00000000
000005DA 00C 009A8000 00000000 00000000 00000000 0000000F 00000009 00000000 00000000 00000009 00000004 00000006 00000100 00000004 00000004 00000000 00000000 00000000
000005DB 00D 10B90000 00000000 00000000 00000000 0000000F 00000009 00000000 00000000 00000009 00000004 00000104 00000100 00000004 00000004 00000000 00000000 00000000
000005DC 00E 00991001 00000000 00000001 00000000 0000000F 00000009 00000000 00000000 00000009 00000004 00000104 00000100 00000004 00000004 00000000 00000000 00000000
000005DD 00F 10C90000 00000000 00000000 00000000 0000000F 00000009 00000000 00000000 00000009 00000004 00000105 00000100 00000004 00000004 00000000 00000000 00000000
000005DE 015 00881001 00000000 00000015 00000000 0000000F 00000009 00000000 00000000 00000009 00000004 00000105 00000100 00000004 00000005 00000000 00000000 00000000
000005E0 015 00881001 00000000 00000001 00000000 0000000F 00000009 00000000 00000000 00000009 00000004 00000105 00000100 00000004 00000005 00000000 00000000 00000000
000005E1 009 01937000 00000000 00000009 00000000 0000000F 00000009 00000000 00000000 00000009 00000005 00000105 00000100 00000004 00000005 00000000 00000000 00000000
000005E3 009 01937000 00000000 00000000 00000000 0000000F 00000009 00000000 00000000 00000009 00000005 00000105 00000100 00000004 00000005 00000000 00000000 00000000
000005E4 00C 009A8000 00000000 00000018 00000000 0000000F 00000009 00000000 00000000 00000009 00000005 00000006 00000100 00000004 00000005 00000000 00000000 00000000
000005E6 00C 009A8000 00000000 00000000 00000000 0000000F 00000009 00000000 00000000 00000009 00000005 00000006 00000100 00000004 00000005 00000000 00000000 00000000
000005E7 00D 10B90000 00000000 00000000 00000000 0000000F 00000009 00000000 00000000 00000009 00000005 00000105 00000100 00000004 00000005 00000000 00000000 00000000
000005E8 00E 00991001 00000000 00000001 00000000 0000000F 00000009 00000000 00000000 00000009 00000005 00000105 00000100 00000005 00000005 00000000 00000000 00000000
000005E9 00F 10C90000 00000000 00000000 00000000 0000000F 00000009 00000000 00000000 00000009 00000005 00000106 00000100 00000005 00000005 00000000 00000000 00000000
000005EA 015 00881001 00000000 00000015 00000000 0000000F 00000009 00000000 00000000 00000009 00000005 00000106 00000100 00000005 00000006 00000000 00000000 00000000
000005EC 015 00881001 00000000 00000001 00000000 0000000F 00000009 00000000 00000000 00000009 00000005 00000106 00000100 00000005 00000006 00000000 00000000 00000000
000005ED 009 01937000 00000000 00000009 00000000 0000000F 00000009 00000000 00000000 00000009 00000006 00000106 00000100 00000005 00000006 00000000 00000000 00000000
000005EF 009 01937000 00000000 00000000 00000000 0000000F 00000009 00000000 00000000 00000009 00000006 00000106 00000100 00000005 00000006 00000000 00000000 00000000
000005F0 018 00771001 00000000 00000018 00000000 0000000F 00000009 00000000 00000000 00000009 00000006 00000006 00000100 00000005 00000006 00000000 00000000 00000000
000005F2 018 00771001 00000000 00000001 00000000 0000000F 00000009 00000000 00000000 00000009 00000006 00000006 00000100 00000005 00000006 00000000 00000000 00000000
000005F3 005 09173100 00000000 00000005 00000000 0000000F 00000009 00000000 00000000 0000000A 00000006 00000006 00000100 00000005 00000006 00000000 00000000 00000000
000005F5 007 00801000 00000000 0000001B 00000000 0000000F 00000009 00000000 00000000 0000000A 00000006 00000006 00000100 00000005 00000006 00000000 00000000 00000000
000005F7 007 00801000 00000000 00000000 00000000 0000000F 00000009 00000000 00000000 0000000A 00000006 00000006 00000100 00000005 00000006 00000000 00000000 00000000
000005F8 008 14740000 00000000 00000000 00000000 0000000F 00000009 00000000 00000000 0000000A 00000000 00000006 00000100 00000005 00000006 00000000 00000000 00000000
000005F9 009 01937000 00000000 00000000 00000000 0000000F 00000009 00000000 00000000 0000000A 00000000 00000006 00000100 00000005 00000006 00000000 00000000 00000000
000005FA 00C 009A8000 00000000 00000018 00000000 0000000F 00000009 00000000 00000000 0000000A 00000000 00000005 00000100 00000005 00000006 00000000 00000000 00000000
000005FC 00C 009A8000 00000000 00000000 00000000 0000000F 00000009 00000000 00000000 0000000A 00000000 00000005 00000100 00000005 00000006 00000000 00000000 00000000
000005FD 00D 10B90000 00000000 00000000 00000000 0000000F 00000009 00000000 00000000 0000000A 00000000 00000100 00000100 00000005 00000006 00000000 00000000 00000000
000005FE 00E 00991001 00000000 00000001 00000000 0000000F 00000009 00000000 00000000 0000000A 00000000 00000100 00000100 00000001 00000006 00000000 00000000 00000000
000005FF 00F 10C90000 00000000 00000000 00000000 0000000F 00000009 00000000 00000000 0000000A 00000000 00000101 00000100 00000001 00000006 00000000 00000000 00000000
00000600 015 00881001 00000000 00000015 00000000 0000000F 00000009 00000000 00000000 0000000A 00000000 00000101 00000100 00000001 00000002 00000000 00000000 00000000
00000602 015 00881001 00000000 00000001 00000000 0000000F 00000009 00000000 00000000 0000000A 00000000 00000101 00000100 00000001 00000002 00000000 00000000 00000000
00000603 009 01937000 00000000 00000009 00000000 0000000F 00000009 00000000 00000000 0000000A 00000001 00000101 00000100 00000001 00000002 00000000 00000000 00000000
00000605 009 01937000 00000000 00000000 00000000 0000000F 00000009 00000000 00000000 0000000A 00000001 00000101 00000100 00000001 00000002 00000000 00000000 00000000
00000606 00C 009A8000 00000000 00000018 00000000 0000000F 00000009 00000000 00000000 0000000A 00000001 00000005 00000100 00000001 00000002 00000000 00000000 00000000
00000608 00C 009A8000 00000000 00000000 00000000 0000000F 00000009 00000000 00000000 0000000A 00000001 00000005 00000100 00000001 00000002 00000000 00000000 00000000
00000609 00D 10B90000 00000000 00000000 00000000 0000000F 00000009 00000000 00000000 0000000A 00000001 00000101 00000100 00000001 00000002 00000000 00000000 00000000
0000060A 00E 00991001 00000000 00000001 00000000 0000000F 00000009 00000000 00000000 0000000A 00000001 00000101 00000100 00000002 00000002 00000000 00000000 00000000
0000060B 00F 10C90000 00000000 00000000 00000000 0000000F 00000009 00000000 00000000 0000000A 00000001 00000102 00000100 00000002 00000002 00000000 00000000 00000000
0000060C 015 00881001 00000000 00000015 00000000 0000000F 00000009 00000000 00000000 0000000A 00000001 00000102 00000100 00000002 00000003 00000000 00000000 00000000
0000060E 015 00881001 00000000 00000001 00000000 0000000F 00000009 00000000 00000000 0000000A 00000001 00000102 00000100 00000002 00000003 00000000 00000000 00000000
0000060F 009 01937000 00000000 00000009 00000000 0000000F 00000009 00000000 00000000 0000000A 00000002 00000102 00000100 00000002 00000003 00000000 00000000 00000000
00000611 009 01937000 00000000 00000000 00000000 0000000F 00000009 00000000 00000000 0000000A 00000002 00000102 00000100 00000002 00000003 00000000 00000000 00000000
00000612 00C 009A8000 00000000 00000018 00000000 0000000F 00000009 00000000 00000000 0000000A 00000002 00000005 00000100 00000002 00000003 00000000 00000000 00000000
00000614 00C 009A8000 00000000 00000000 00000000 0000000F 00000009 00000000 00000000 0000000A 00000002 00000005 00000100 00000002 00000003 00000000 00000000 00000000
00000615 00D 10B90000 00000000 00000000 00000000 0000000F 00000009 00000000 00000000 0000000A 00000002 00000102 00000100 00000002 00000003 00000000 00000000 00000000
00000616 00E 00991001 00000000 00000001 00000000 0000000F 00000009 00000000 00000000 0000000A 00000002 00000102 00000100 00000003 00000003 00000000 00000000 00000000
00000617 00F 10C90000 00000000 00000000 00000000 0000000F 00000009 00000000 00000000 0000000A 00000002 00000103 00000100 00000003 00000003 00000000 00000000 00000000
00000618 015 00881001 00000000 00000015 00000000 0000000F 00000009 00000000 00000000 0000000A 00000002 00000103 00000100 00000003 00000004 00000000 00000000 00000000
0000061A 015 00881001 00000000 00000001 00000000 0000000F 00000009 00000000 00000000 0000000A 00000002 00000103 00000100 00000003 00000004 00000000 00000000 00000000
0000061B 009 01937000 00000000 00000009 00000000 0000000F 00000009 00000000 00000000 0000000A 00000003 00000103 00000100 00000003 00000004 00000000 00000000 00000000
0000061D 009 01937000 00000000 00000000 00000000 0000000F 00000009 00000000 00000000 0000000A 00000003 00000103 00000100 00000003 00000004 00000000 00000000 00000000
0000061E 00C 009A8000 00000000 00000018 00000000 0000000F 00000009 00000000 00000000 0000000A 00000003 00000005 00000100 00000003 00000004 00000000 00000000 00000000
00000620 00C 009A8000 00000000 00000000 00000000 0000000F 00000009 00000000 00000000 0000000A 00000003 00000005 00000100 00000003 00000004 00000000 00000000 00000000
00000621 00D 10B90000 00000000 00000000 00000000 0000000F 00000009 00000000 00000000 0000000A 00000003 00000103 00000100 00000003 00000004 00000000 00000000 00000000
00000622 00E 00991001 00000000 00000001 00000000 0000000F 00000009 00000000 00000000 0000000A 00000003 00000103 00000100 00000004 00000004 00000000 00000000 00000000
00000623 00F 10C90000 00000000 00000000 00000000 0000000F 00000009 00000000 00000000 0000000A 00000003 00000104 00000100 00000004 00000004 00000000 00000000 00000000
00000624 012 11B90000 00000000 00000015 00000000 0000000F 00000009 00000000 00000000 0000000A 00000003 00000104 00000100 00000004 00000004 00000000 00000000 00000000
00000626 012 11B90000 00000000 00000000 00000000 0000000F 00000009 00000000 00000000 0000000A 00000003 00000104 00000100 00000004 00000004 00000000 00000000 00000000
00000627 013 01991001 00000000 00000001 00000000 0000000F 00000009 00000000 00000000 0000000A 00000003 00000104 00000100 00000004 00000004 00000000 00000000 00000000
00000628 014 11C90000 00000000 00000000 00000000 0000000F 00000009 00000000 00000000 0000000A 00000003 00000103 00000100 00000004 00000004 00000000 00000000 00000000
00000629 015 00881001 00000000 00000001 00000000 0000000F 00000009 00000000 00000000 0000000A 00000003 00000103 00000100 00000004 00000004 00000000 00000000 00000000
0000062A 009 01937000 00000000 00000009 00000000 0000000F 00000009 00000000 00000000 0000000A 00000004 00000103 00000100 00000004 00000004 00000000 00000000 00000000
0000062C 009 01937000 00000000 00000000 00000000 0000000F 00000009 00000000 00000000 0000000A 00000004 00000103 00000100 00000004 00000004 00000000 00000000 00000000
0000062D 00C 009A8000 00000000 00000018 00000000 0000000F 00000009 00000000 00000000 0000000A 00000004 00000005 00000100 00000004 00000004 00000000 00000000 00000000
0000062F 00C 009A8000 00000000 00000000 00000000 0000000F 00000009 00000000 00000000 0000000A 00000004 00000005 00000100 00000004 00000004 00000000 00000000 00000000
00000630 00D 10B90000 00000000 00000000 00000000 0000000F 00000009 00000000 00000000 0000000A 00000004 00000104 00000100 00000004 00000004 00000000 00000000 00000000
00000631 00E 00991001 00000000 00000001 00000000 0000000F 00000009 00000000 00000000 0000000A 00000004 00000104 00000100 00000004 00000004 00000000 00000000 00000000
00000632 00F 10C90000 00000000 00000000 00000000 0000000F 00000009 00000000 00000000 0000000A 00000004 00000105 00000100 00000004 00000004 00000000 00000000 00000000
00000633 015 00881001 00000000 00000015 00000000 0000000F 00000009 00000000 00000000 0000000A 00000004 00000105 00000100 00000004 00000005 00000000 00000000 00000000
00000635 015 00881001 00000000 00000001 00000000 0000000F 00000009 00000000 00000000 0000000A 00000004 00000105 00000100 00000004 00000005 00000000 00000000 00000000
00000636 009 01937000 00000000 00000009 00000000 0000000F 00000009 00000000 00000000 0000000A 00000005 00000105 00000100 00000004 00000005 00000000 00000000 00000000
00000638 009 01937000 00000000 00000000 00000000 0000000F 00000009 00000000 00000000 0000000A 00000005 00000105 00000100 00000004 00000005 00000000 00000000 00000000
00000639 018 00771001 00000000 00000018 00000000 0000000F 00000009 00000000 00000000 0000000A 00000005 00000005 00000100 00000004 00000005 00000000 00000000 00000000
0000063B 018 00771001 00000000 00000001 00000000 0000000F 00000009 00000000 00000000 0000000A 00000005 00000005 00000100 00000004 00000005 00000000 00000000 00000000
0000063C 005 09173100 00000000 00000005 00000000 0000000F 00000009 00000000 00000000 0000000B 00000005 00000005 00000100 00000004 00000005 00000000 00000000 00000000
0000063E 007 00801000 00000000 0000001B 00000000 0000000F 00000009 00000000 00000000 0000000B 00000005 00000005 00000100 00000004 00000005 00000000 00000000 00000000
00000640 007 00801000 00000000 00000000 00000000 0000000F 00000009 00000000 00000000 0000000B 00000005 00000005 00000100 00000004 00000005 00000000 00000000 00000000
00000641 008 14740000 00000000 00000000 00000000 0000000F 00000009 00000000 00000000 0000000B 00000000 00000005 00000100 00000004 00000005 00000000 00000000 00000000
00000642 009 01937000 00000000 00000000 00000000 0000000F 00000009 00000000 00000000 0000000B 00000000 00000005 00000100 00000004 00000005 00000000 00000000 00000000
00000643 00C 009A8000 00000000 00000018 00000000 0000000F 00000009 00000000 00000000 0000000B 00000000 00000004 00000100 00000004 00000005 00000000 00000000 00000000
00000645 00C 009A8000 00000000 00000000 00000000 0000000F 00000009 00000000 00000000 0000000B 00000000 00000004 00000100 00000004 00000005 00000000 00000000 00000000
00000646 00D 10B90000 00000000 00000000 00000000 0000000F 00000009 00000000 00000000 0000000B 00000000 00000100 00000100 00000004 00000005 00000000 00000000 00000000
00000647 00E 00991001 00000000 00000001 00000000 0000000F 00000009 00000000 00000000 0000000B 00000000 00000100 00000100 00000001 00000005 00000000 00000000 00000000
00000648 00F 10C90000 00000000 00000000 00000000 0000000F 00000009 00000000 00000000 0000000B 00000000 00000101 00000100 00000001 00000005 00000000 00000000 00000000
00000649 015 00881001 00000000 00000015 00000000 0000000F 00000009 00000000 00000000 0000000B 00000000 00000101 00000100 00000001 00000002 00000000 00000000 00000000
0000064B 015 00881001 00000000 00000001 00000000 0000000F 00000009 00000000 00000000 0000000B 00000000 00000101 00000100 00000001 00000002 00000000 00000000 00000000
0000064C 009 01937000 00000000 00000009 00000000 0000000F 00000009 00000000 00000000 0000000B 00000001 00000101 00000100 00000001 00000002 00000000 00000000 00000000
0000064E 009 01937000 00000000 00000000 00000000 0000000F 00000009 00000000 00000000 0000000B 00000001 00000101 00000100 00000001 00000002 00000000 00000000 00000000
0000064F 00C 009A8000 00000000 00000018 00000000 0000000F 00000009 00000000 00000000 0000000B 00000001 00000004 00000100 00000001 00000002 00000000 00000000 00000000
00000651 00C 009A8000 00000000 00000000 00000000 0000000F 00000009 00000000 00000000 0000000B 00000001 00000004 00000100 00000001 00000002 00000000 00000000 00000000
00000652 00D 10B90000 00000000 00000000 00000000 0000000F 00000009 00000000 00000000 0000000B 00000001 00000101 00000100 00000001 00000002 00000000 00000000 00000000
00000653 00E 00991001 00000000 00000001 00000000 0000000F 00000009 00000000 00000000 0000000B 00000001 00000101 00000100 00000002 00000002 00000000 00000000 00000000
00000654 00F 10C90000 00000000 00000000 00000000 0000000F 00000009 00000000 00000000 0000000B 00000001 00000102 00000100 00000002 00000002 00000000 00000000 00000000
00000655 015 00881001 00000000 00000015 00000000 0000000F 00000009 00000000 00000000 0000000B 00000001 00000102 00000100 00000002 00000003 00000000 00000000 00000000
00000657 015 00881001 00000000 00000001 00000000 0000000F 00000009 00000000 00000000 0000000B 00000001 00000102 00000100 00000002 00000003 00000000 00000000 00000000
00000658 009 01937000 00000000 00000009 00000000 0000000F 00000009 00000000 00000000 0000000B 00000002 00000102 00000100 00000002 00000003 00000000 00000000 00000000
0000065A 009 01937000 00000000 00000000 00000000 0000000F 00000009 00000000 00000000 0000000B 00000002 00000102 00000100 00000002 00000003 00000000 00000000 00000000
0000065B 00C 009A8000 00000000 00000018 00000000 0000000F 00000009 00000000 00000000 0000000B 00000002 00000004 00000100 00000002 00000003 00000000 00000000 00000000
0000065D 00C 009A8000 00000000 00000000 00000000 0000000F 00000009 00000000 00000000 0000000B 00000002 00000004 00000100 00000002 00000003 00000000 00000000 00000000
0000065E 00D 10B90000 00000000 00000000 00000000 0000000F 00000009 00000000 00000000 0000000B 00000002 00000102 00000100 00000002 00000003 00000000 00000000 00000000
0000065F 00E 00991001 00000000 00000001 00000000 0000000F 00000009 00000000 00000000 0000000B 00000002 00000102 00000100 00000003 00000003 00000000 00000000 00000000
00000660 00F 10C90000 00000000 00000000 00000000 0000000F 00000009 00000000 00000000 0000000B 00000002 00000103 00000100 00000003 00000003 00000000 00000000 00000000
00000661 015 00881001 00000000 00000015 00000000 0000000F 00000009 00000000 00000000 0000000B 00000002 00000103 00000100 00000003 00000004 00000000 00000000 00000000
00000663 015 00881001 00000000 00000001 00000000 0000000F 00000009 00000000 00000000 0000000B 00000002 00000103 00000100 00000003 00000004 00000000 00000000 00000000
00000664 009 01937000 00000000 00000009 00000000 0000000F 00000009 00000000 00000000 0000000B 00000003 00000103 00000100 00000003 00000004 00000000 00000000 00000000
00000666 009 01937000 00000000 00000000 00000000 0000000F 00000009 00000000 00000000 0000000B 00000003 00000103 00000100 00000003 00000004 00000000 00000000 00000000
00000667 00C 009A8000 00000000 00000018 00000000 0000000F 00000009 00000000 00000000 0000000B 00000003 00000004 00000100 00000003 00000004 00000000 00000000 00000000
00000669 00C 009A8000 00000000 00000000 00000000 0000000F 00000009 00000000 00000000 0000000B 00000003 00000004 00000100 00000003 00000004 00000000 00000000 00000000
0000066A 00D 10B90000 00000000 00000000 00000000 0000000F 00000009 00000000 00000000 0000000B 00000003 00000103 00000100 00000003 00000004 00000000 00000000 00000000
0000066B 00E 00991001 00000000 00000001 00000000 0000000F 00000009 00000000 00000000 0000000B 00000003 00000103 00000100 00000004 00000004 00000000 00000000 00000000
0000066C 00F 10C90000 00000000 00000000 00000000 0000000F 00000009 00000000 00000000 0000000B 00000003 00000104 00000100 00000004 00000004 00000000 00000000 00000000
0000066D 012 11B90000 00000000 00000015 00000000 0000000F 00000009 00000000 00000000 0000000B 00000003 00000104 00000100 00000004 00000004 00000000 00000000 00000000
0000066F 012 11B90000 00000000 00000000 00000000 0000000F 00000009 00000000 00000000 0000000B 00000003 00000104 00000100 00000004 00000004 00000000 00000000 00000000
00000670 013 01991001 00000000 00000001 00000000 0000000F 00000009 00000000 00000000 0000000B 00000003 00000104 00000100 00000004 00000004 00000000 00000000 00000000
00000671 014 11C90000 00000000 00000000 00000000 0000000F 00000009 00000000 00000000 0000000B 00000003 00000103 00000100 00000004 00000004 00000000 00000000 00000000
00000672 015 00881001 00000000 00000001 00000000 0000000F 00000009 00000000 00000000 0000000B 00000003 00000103 00000100 00000004 00000004 00000000 00000000 00000000
00000673 009 01937000 00000000 00000009 00000000 0000000F 00000009 00000000 00000000 0000000B 00000004 00000103 00000100 00000004 00000004 00000000 00000000 00000000
00000675 009 01937000 00000000 00000000 00000000 0000000F 00000009 00000000 00000000 0000000B 00000004 00000103 00000100 00000004 00000004 00000000 00000000 00000000
00000676 018 00771001 00000000 00000018 00000000 0000000F 00000009 00000000 00000000 0000000B 00000004 00000004 00000100 00000004 00000004 00000000 00000000 00000000
00000678 018 00771001 00000000 00000001 00000000 0000000F 00000009 00000000 00000000 0000000B 00000004 00000004 00000100 00000004 00000004 00000000 00000000 00000000
00000679 005 09173100 00000000 00000005 00000000 0000000F 00000009 00000000 00000000 0000000C 00000004 00000004 00000100 00000004 00000004 00000000 00000000 00000000
0000067B 007 00801000 00000000 0000001B 00000000 0000000F 00000009 00000000 00000000 0000000C 00000004 00000004 00000100 00000004 00000004 00000000 00000000 00000000
0000067D 007 00801000 00000000 00000000 00000000 0000000F 00000009 00000000 00000000 0000000C 00000004 00000004 00000100 00000004 00000004 00000000 00000000 00000000
0000067E 008 14740000 00000000 00000000 00000000 0000000F 00000009 00000000 00000000 0000000C 00000000 00000004 00000100 00000004 00000004 00000000 00000000 00000000
0000067F 009 01937000 00000000 00000000 00000000 0000000F 00000009 00000000 00000000 0000000C 00000000 00000004 00000100 00000004 00000004 00000000 00000000 00000000
00000680 00C 009A8000 00000000 00000018 00000000 0000000F 00000009 00000000 00000000 0000000C 00000000 00000003 00000100 00000004 00000004 00000000 00000000 00000000
00000682 00C 009A8000 00000000 00000000 00000000 0000000F 00000009 00000000 00000000 0000000C 00000000 00000003 00000100 00000004 00000004 00000000 00000000 00000000
00000683 00D 10B90000 00000000 00000000 00000000 0000000F 00000009 00000000 00000000 0000000C 00000000 00000100 00000100 00000004 00000004 00000000 00000000 00000000
00000684 00E 00991001 00000000 00000001 00000000 0000000F 00000009 00000000 00000000 0000000C 00000000 00000100 00000100 00000001 00000004 00000000 00000000 00000000
00000685 00F 10C90000 00000000 00000000 00000000 0000000F 00000009 00000000 00000000 0000000C 00000000 00000101 00000100 00000001 00000004 00000000 00000000 00000000
00000686 015 00881001 00000000 00000015 00000000 0000000F 00000009 00000000 00000000 0000000C 00000000 00000101 00000100 00000001 00000002 00000000 00000000 00000000
00000688 015 00881001 00000000 00000001 00000000 0000000F 00000009 00000000 00000000 0000000C 00000000 00000101 00000100 00000001 00000002 00000000 00000000 00000000
00000689 009 01937000 00000000 00000009 00000000 0000000F 00000009 00000000 00000000 0000000C 00000001 00000101 00000100 00000001 00000002 00000000 00000000 00000000
0000068B 009 01937000 00000000 00000000 00000000 0000000F 00000009 00000000 00000000 0000000C 00000001 00000101 00000100 00000001 00000002 00000000 00000000 00000000
0000068C 00C 009A8000 00000000 00000018 00000000 0000000F 00000009 00000000 00000000 0000000C 00000001 00000003 00000100 00000001 00000002 00000000 00000000 00000000
0000068E 00C 009A8000 00000000 00000000 00000000 0000000F 00000009 00000000 00000000 0000000C 00000001 00000003 00000100 00000001 00000002 00000000 00000000 00000000
0000068F 00D 10B90000 00000000 00000000 00000000 0000000F 00000009 00000000 00000000 0000000C 00000001 00000101 00000100 00000001 00000002 00000000 00000000 00000000
00000690 00E 00991001 00000000 00000001 00000000 0000000F 00000009 00000000 00000000 0000000C 00000001 00000101 00000100 00000002 00000002 00000000 00000000 00000000
00000691 00F 10C90000 00000000 00000000 00000000 0000000F 00000009 00000000 00000000 0000000C 00000001 00000102 00000100 00000002 00000002 00000000 00000000 00000000
00000692 015 00881001 00000000 00000015 00000000 0000000F 00000009 00000000 00000000 0000000C 00000001 00000102 00000100 00000002 00000003 00000000 00000000 00000000
00000694 015 00881001 00000000 00000001 00000000 0000000F 00000009 00000000 00000000 0000000C 00000001 00000102 00000100 00000002 00000003 00000000 00000000 00000000
00000695 009 01937000 00000000 00000009 00000000 0000000F 00000009 00000000 00000000 0000000C 00000002 00000102 00000100 00000002 00000003 00000000 00000000 00000000
00000697 009 01937000 00000000 00000000 00000000 0000000F 00000009 00000000 00000000 0000000C 00000002 00000102 00000100 00000002 00000003 00000000 00000000 00000000
00000698 00C 009A8000 00000000 00000018 00000000 0000000F 00000009 00000000 00000000 0000000C 00000002 00000003 00000100 00000002 00000003 00000000 00000000 00000000
0000069A 00C 009A8000 00000000 00000000 00000000 0000000F 00000009 00000000 00000000 0000000C 00000002 00000003 00000100 00000002 00000003 00000000 00000000 00000000
0000069B 00D 10B90000 00000000 00000000 00000000 0000000F 00000009 00000000 00000000 0000000C 00000002 00000102 00000100 00000002 00000003 00000000 00000000 00000000
0000069C 00E 00991001 00000000 00000001 00000000 0000000F 00000009 00000000 00000000 0000000C 00000002 00000102 00000100 00000003 00000003 00000000 00000000 00000000
0000069D 00F 10C90000 00000000 00000000 00000000 0000000F 00000009 00000000 00000000 0000000C 00000002 00000103 00000100 00000003 00000003 00000000 00000000 00000000
0000069E 015 00881001 00000000 00000015 00000000 0000000F 00000009 00000000 00000000 0000000C 00000002 00000103 00000100 00000003 00000004 00000000 00000000 00000000
000006A0 015 00881001 00000000 00000001 00000000 0000000F 00000009 00000000 00000000 0000000C 00000002 00000103 00000100 00000003 00000004 00000000 00000000 00000000
000006A1 009 01937000 00000000 00000009 00000000 0000000F 00000009 00000000 00000000 0000000C 00000003 00000103 00000100 00000003 00000004 00000000 00000000 00000000
000006A3 009 01937000 00000000 00000000 00000000 0000000F 00000009 00000000 00000000 0000000C 00000003 00000103 00000100 00000003 00000004 00000000 00000000 00000000
000006A4 018 00771001 00000000 00000018 00000000 0000000F 00000009 00000000 00000000 0000000C 00000003 00000003 00000100 00000003 00000004 00000000 00000000 00000000
000006A6 018 00771001 00000000 00000001 00000000 0000000F 00000009 00000000 00000000 0000000C 00000003 00000003 00000100 00000003 00000004 00000000 00000000 00000000
000006A7 005 09173100 00000000 00000005 00000000 0000000F 00000009 00000000 00000000 0000000D 00000003 00000003 00000100 00000003 00000004 00000000 00000000 00000000
000006A9 007 00801000 00000000 0000001B 00000000 0000000F 00000009 00000000 00000000 0000000D 00000003 00000003 00000100 00000003 00000004 00000000 00000000 00000000
000006AB 007 00801000 00000000 00000000 00000000 0000000F 00000009 00000000 00000000 0000000D 00000003 00000003 00000100 00000003 00000004 00000000 00000000 00000000
000006AC 008 14740000 00000000 00000000 00000000 0000000F 00000009 00000000 00000000 0000000D 00000000 00000003 00000100 00000003 00000004 00000000 00000000 00000000
000006AD 009 01937000 00000000 00000000 00000000 0000000F 00000009 00000000 00000000 0000000D 00000000 00000003 00000100 00000003 00000004 00000000 00000000 00000000
000006AE 00C 009A8000 00000000 00000018 00000000 0000000F 00000009 00000000 00000000 0000000D 00000000 00000002 00000100 00000003 00000004 00000000 00000000 00000000
000006B0 00C 009A8000 00000000 00000000 00000000 0000000F 00000009 00000000 00000000 0000000D 00000000 00000002 00000100 00000003 00000004 00000000 00000000 00000000
000006B1 00D 10B90000 00000000 00000000 00000000 0000000F 00000009 00000000 00000000 0000000D 00000000 00000100 00000100 00000003 00000004 00000000 00000000 00000000
000006B2 00E 00991001 00000000 00000001 00000000 0000000F 00000009 00000000 00000000 0000000D 00000000 00000100 00000100 00000001 00000004 00000000 00000000 00000000
000006B3 00F 10C90000 00000000 00000000 00000000 0000000F 00000009 00000000 00000000 0000000D 00000000 00000101 00000100 00000001 00000004 00000000 00000000 00000000
000006B4 015 00881001 00000000 00000015 00000000 0000000F 00000009 00000000 00000000 0000000D 00000000 00000101 00000100 00000001 00000002 00000000 00000000 00000000
000006B6 015 00881001 00000000 00000001 00000000 0000000F 00000009 00000000 00000000 0000000D 00000000 00000101 00000100 00000001 00000002 00000000 00000000 00000000
000006B7 009 01937000 00000000 00000009 00000000 0000000F 00000009 00000000 00000000 0000000D 00000001 00000101 00000100 00000001 00000002 00000000 00000000 00000000
000006B9 009 01937000 00000000 00000000 00000000 0000000F 00000009 00000000 00000000 0000000D 00000001 00000101 00000100 00000001 00000002 00000000 00000000 00000000
000006BA 00C 009A8000 00000000 00000018 00000000 0000000F 00000009 00000000 00000000 0000000D 00000001 00000002 00000100 00000001 00000002 00000000 00000000 00000000
000006BC 00C 009A8000 00000000 00000000 00000000 0000000F 00000009 00000000 00000000 0000000D 00000001 00000002 00000100 00000001 00000002 00000000 00000000 00000000
000006BD 00D 10B90000 00000000 00000000 00000000 0000000F 00000009 00000000 00000000 0000000D 00000001 00000101 00000100 00000001 00000002 00000000 00000000 00000000
000006BE 00E 00991001 00000000 00000001 00000000 0000000F 00000009 00000000 00000000 0000000D 00000001 00000101 00000100 00000002 00000002 00000000 00000000 00000000
000006BF 00F 10C90000 00000000 00000000 00000000 0000000F 00000009 00000000 00000000 0000000D 00000001 00000102 00000100 00000002 00000002 00000000 00000000 00000000
000006C0 015 00881001 00000000 00000015 00000000 0000000F 00000009 00000000 00000000 0000000D 00000001 00000102 00000100 00000002 00000003 00000000 00000000 00000000
000006C2 015 00881001 00000000 00000001 00000000 0000000F 00000009 00000000 00000000 0000000D 00000001 00000102 00000100 00000002 00000003 00000000 00000000 00000000
000006C3 009 01937000 00000000 00000009 00000000 0000000F 00000009 00000000 00000000 0000000D 00000002 00000102 00000100 00000002 00000003 00000000 00000000 00000000
000006C5 009 01937000 00000000 00000000 00000000 0000000F 00000009 00000000 00000000 0000000D 00000002 00000102 00000100 00000002 00000003 00000000 00000000 00000000
000006C6 018 00771001 00000000 00000018 00000000 0000000F 00000009 00000000 00000000 0000000D 00000002 00000002 00000100 00000002 00000003 00000000 00000000 00000000
000006C8 018 00771001 00000000 00000001 00000000 0000000F 00000009 00000000 00000000 0000000D 00000002 00000002 00000100 00000002 00000003 00000000 00000000 00000000
000006C9 005 09173100 00000000 00000005 00000000 0000000F 00000009 00000000 00000000 0000000E 00000002 00000002 00000100 00000002 00000003 00000000 00000000 00000000
000006CB 007 00801000 00000000 0000001B 00000000 0000000F 00000009 00000000 00000000 0000000E 00000002 00000002 00000100 00000002 00000003 00000000 00000000 00000000
000006CD 007 00801000 00000000 00000000 00000000 0000000F 00000009 00000000 00000000 0000000E 00000002 00000002 00000100 00000002 00000003 00000000 00000000 00000000
000006CE 008 14740000 00000000 00000000 00000000 0000000F 00000009 00000000 00000000 0000000E 00000000 00000002 00000100 00000002 00000003 00000000 00000000 00000000
000006CF 009 01937000 00000000 00000000 00000000 0000000F 00000009 00000000 00000000 0000000E 00000000 00000002 00000100 00000002 00000003 00000000 00000000 00000000
000006D0 00C 009A8000 00000000 00000018 00000000 0000000F 00000009 00000000 00000000 0000000E 00000000 00000001 00000100 00000002 00000003 00000000 00000000 00000000
000006D2 00C 009A8000 00000000 00000000 00000000 0000000F 00000009 00000000 00000000 0000000E 00000000 00000001 00000100 00000002 00000003 00000000 00000000 00000000
000006D3 00D 10B90000 00000000 00000000 00000000 0000000F 00000009 00000000 00000000 0000000E 00000000 00000100 00000100 00000002 00000003 00000000 00000000 00000000
000006D4 00E 00991001 00000000 00000001 00000000 0000000F 00000009 00000000 00000000 0000000E 00000000 00000100 00000100 00000001 00000003 00000000 00000000 00000000
000006D5 00F 10C90000 00000000 00000000 00000000 0000000F 00000009 00000000 00000000 0000000E 00000000 00000101 00000100 00000001 00000003 00000000 00000000 00000000
000006D6 015 00881001 00000000 00000015 00000000 0000000F 00000009 00000000 00000000 0000000E 00000000 00000101 00000100 00000001 00000002 00000000 00000000 00000000
000006D8 015 00881001 00000000 00000001 00000000 0000000F 00000009 00000000 00000000 0000000E 00000000 00000101 00000100 00000001 00000002 00000000 00000000 00000000
000006D9 009 01937000 00000000 00000009 00000000 0000000F 00000009 00000000 00000000 0000000E 00000001 00000101 00000100 00000001 00000002 00000000 00000000 00000000
000006DB 009 01937000 00000000 00000000 00000000 0000000F 00000009 00000000 00000000 0000000E 00000001 00000101 00000100 00000001 00000002 00000000 00000000 00000000
000006DC 018 00771001 00000000 00000018 00000000 0000000F 00000009 00000000 00000000 0000000E 00000001 00000001 00000100 00000001 00000002 00000000 00000000 00000000
000006DE 018 00771001 00000000 00000001 00000000 0000000F 00000009 00000000 00000000 0000000E 00000001 00000001 00000100 00000001 00000002 00000000 00000000 00000000
000006DF 005 09173100 00000000 00000005 00000000 0000000F 00000009 00000000 00000000 0000000F 00000001 00000001 00000100 00000001 00000002 00000000 00000000 00000000
000006E1 01B 0090100A 00000000 0000001B 00000000 0000000F 00000009 00000000 00000000 0000000F 00000001 00000001 00000100 00000001 00000002 00000000 00000000 00000000
000006E3 01B 0090100A 00000000 0000000A 00000000 0000000F 00000009 00000000 00000000 0000000F 00000001 00000001 00000100 00000001 00000002 00000000 00000000 00000000
000006E4 01E 14390000 00000000 DEADBEEF 00000000 DEADBEEF 00000009 00000000 00000000 0000000F 00000001 0000000A 00000100 00000001 00000002 00000000 00000000 00000000
000006E6 01E 14390000 00000000 00000000 00000000 DEADBEEF 00000009 00000000 00000000 0000000F 00000001 0000000A 00000100 00000001 00000002 00000000 00000000 00000000
000006E7 01F 15000000 00000000 00000000 00000000 DEADBEEF 00000009 00000000 00000000 0000000F 00000001 0000000A 00000100 00000001 00000002 00000000 00000000 00000000
